date,donations,donationsDelta,donationsReceived,name,tag,trophies
2018-03-19 15:15:00,123.0,43.0,80.0,Adrypok,20RVR029R,4527.0
2018-03-19 15:15:00,46.0,6.0,40.0,Shiuvan,22GQPCJJP,4475.0
2018-03-19 15:15:00,130.0,50.0,80.0,TheSonicSliver,9LG8QV2G,4410.0
2018-03-19 15:15:00,260.0,180.0,80.0,Nakakata,8G2JCQ0Q2,4382.0
2018-03-19 15:15:00,18.0,-22.0,40.0,Oliver,99888JG,4320.0
2018-03-19 15:15:00,45.0,-35.0,80.0,Xernakam,Y2UV98Y0,4314.0
2018-03-19 15:15:00,110.0,30.0,80.0,Eisenheim,80QQVCQ8G,4307.0
2018-03-19 15:15:00,34.0,-46.0,80.0,AndreQuadros,2P92YJC,4294.0
2018-03-19 15:15:00,67.0,-13.0,80.0,Asgarabaddad,PQ0LL9Y2,4261.0
2018-03-19 15:15:00,80.0,-10.0,90.0,Skoy,8RLVV20PY,4255.0
2018-03-19 15:15:00,142.0,62.0,80.0,mitch,GUG2QYPY,4248.0
2018-03-19 15:15:00,48.0,8.0,40.0,Carlucciello,J0JV0C8,4241.0
2018-03-19 15:15:00,78.0,38.0,40.0,pacheko,UYC0QU8,4227.0
2018-03-19 15:15:00,0.0,0.0,0.0,Raf ó Pipistrel,PQ2LULU,4210.0
2018-03-19 15:15:00,46.0,-34.0,80.0,El Mariachi,RUJL8R9Y,4183.0
2018-03-19 15:15:00,81.0,2.0,79.0,Rixy,LGV2GR0P,4133.0
2018-03-19 15:15:00,0.0,0.0,0.0,eiirp,GU8YYUPL,4086.0
2018-03-19 15:15:00,20.0,-20.0,40.0,PEKKATORE,89YRQ9R0P,4069.0
2018-03-19 15:15:00,68.0,28.0,40.0,.:*AduVaN4Ik*:.,2PYJLLCU,4067.0
2018-03-19 15:15:00,70.0,-10.0,80.0,maurito,2V98CPRV,4066.0
2018-03-19 15:15:00,26.0,-14.0,40.0,cartero,LQ2U2V2Y,4066.0
2018-03-19 15:15:00,0.0,0.0,0.0,Massi,2Q90G92R,4065.0
2018-03-19 15:15:00,54.0,-26.0,80.0,dani11cali,9JUUVUL2,4058.0
2018-03-19 15:15:00,30.0,-10.0,40.0,peppebusa,L0800PY9,4055.0
2018-03-19 15:15:00,24.0,-16.0,40.0,macomaco,UJP8LVUL,4041.0
2018-03-19 15:15:00,116.0,36.0,80.0,moonknight1402,LC2JPCQ,4040.0
2018-03-19 15:15:00,54.0,-26.0,80.0,antonio,URG2UJJ2,4028.0
2018-03-19 15:15:00,10.0,-30.0,40.0,TopAngy,JCPYJLVG,4022.0
2018-03-19 15:15:00,48.0,-32.0,80.0,sydmirror,82UUP9QLR,3990.0
2018-03-19 15:15:00,68.0,-12.0,80.0,ninonà,LJ2P2UJQ,3978.0
2018-03-19 15:15:00,0.0,0.0,0.0,AndiGarcia,PCLR990U,3974.0
2018-03-19 15:15:00,0.0,-40.0,40.0,Ivan,CGP89PV0,3973.0
2018-03-19 15:15:00,62.0,22.0,40.0,sally snow,LR82Q9C9,3970.0
2018-03-19 15:15:00,77.0,-3.0,80.0,Karma,2QJU2YY92,3960.0
2018-03-19 15:15:00,90.0,50.0,40.0,cippi03,PGQVY99V,3936.0
2018-03-19 15:15:00,0.0,0.0,0.0,prince,9C9VJLJC,3921.0
2018-03-19 15:15:00,0.0,-40.0,40.0,JoWood,2CGJVY0Q,3907.0
2018-03-19 15:15:00,40.0,0.0,40.0,Red,2CPR9L20,3904.0
2018-03-19 15:15:00,18.0,-62.0,80.0,siraxl,RR0RUV,3866.0
2018-03-19 15:15:00,36.0,-4.0,40.0,Daddorix,RRJPLUVU,3846.0
2018-03-19 15:15:00,11.0,-69.0,80.0,$imone04,PCGG9QLG,3837.0
2018-03-19 15:15:00,0.0,0.0,0.0,Porkys,LVGP9Q9G,3803.0
2018-03-19 15:15:00,36.0,-44.0,80.0,hdd Crew,J892LVVU,3793.0
2018-03-19 15:15:00,102.0,62.0,40.0,Lord Albert,2QPCJ9CV9,3775.0
2018-03-19 15:15:00,25.0,-15.0,40.0,ciupi,ULGLPPP9,3752.0
2018-03-19 15:15:00,56.0,16.0,40.0,Slang,JGR8Q9U,3695.0
2018-03-19 15:15:00,0.0,0.0,0.0,ramelotto,2PQVUC0PV,3671.0
2018-03-19 15:17:00,123.0,43.0,80.0,Adrypok,20RVR029R,4527.0
2018-03-19 15:17:00,46.0,6.0,40.0,Shiuvan,22GQPCJJP,4475.0
2018-03-19 15:17:00,130.0,50.0,80.0,TheSonicSliver,9LG8QV2G,4410.0
2018-03-19 15:17:00,260.0,180.0,80.0,Nakakata,8G2JCQ0Q2,4382.0
2018-03-19 15:17:00,18.0,-22.0,40.0,Oliver,99888JG,4320.0
2018-03-19 15:17:00,45.0,-35.0,80.0,Xernakam,Y2UV98Y0,4314.0
2018-03-19 15:17:00,110.0,30.0,80.0,Eisenheim,80QQVCQ8G,4307.0
2018-03-19 15:17:00,34.0,-46.0,80.0,AndreQuadros,2P92YJC,4294.0
2018-03-19 15:17:00,67.0,-13.0,80.0,Asgarabaddad,PQ0LL9Y2,4261.0
2018-03-19 15:17:00,80.0,-10.0,90.0,Skoy,8RLVV20PY,4255.0
2018-03-19 15:17:00,142.0,62.0,80.0,mitch,GUG2QYPY,4248.0
2018-03-19 15:17:00,48.0,8.0,40.0,Carlucciello,J0JV0C8,4241.0
2018-03-19 15:17:00,78.0,38.0,40.0,pacheko,UYC0QU8,4227.0
2018-03-19 15:17:00,0.0,0.0,0.0,Raf ó Pipistrel,PQ2LULU,4210.0
2018-03-19 15:17:00,46.0,-34.0,80.0,El Mariachi,RUJL8R9Y,4183.0
2018-03-19 15:17:00,81.0,2.0,79.0,Rixy,LGV2GR0P,4133.0
2018-03-19 15:17:00,0.0,0.0,0.0,eiirp,GU8YYUPL,4086.0
2018-03-19 15:17:00,20.0,-20.0,40.0,PEKKATORE,89YRQ9R0P,4069.0
2018-03-19 15:17:00,68.0,28.0,40.0,.:*AduVaN4Ik*:.,2PYJLLCU,4067.0
2018-03-19 15:17:00,70.0,-10.0,80.0,maurito,2V98CPRV,4066.0
2018-03-19 15:17:00,26.0,-14.0,40.0,cartero,LQ2U2V2Y,4066.0
2018-03-19 15:17:00,0.0,0.0,0.0,Massi,2Q90G92R,4065.0
2018-03-19 15:17:00,54.0,-26.0,80.0,dani11cali,9JUUVUL2,4058.0
2018-03-19 15:17:00,30.0,-10.0,40.0,peppebusa,L0800PY9,4055.0
2018-03-19 15:17:00,24.0,-16.0,40.0,macomaco,UJP8LVUL,4041.0
2018-03-19 15:17:00,116.0,36.0,80.0,moonknight1402,LC2JPCQ,4040.0
2018-03-19 15:17:00,54.0,-26.0,80.0,antonio,URG2UJJ2,4028.0
2018-03-19 15:17:00,10.0,-30.0,40.0,TopAngy,JCPYJLVG,4022.0
2018-03-19 15:17:00,48.0,-32.0,80.0,sydmirror,82UUP9QLR,3990.0
2018-03-19 15:17:00,68.0,-12.0,80.0,ninonà,LJ2P2UJQ,3978.0
2018-03-19 15:17:00,0.0,0.0,0.0,AndiGarcia,PCLR990U,3974.0
2018-03-19 15:17:00,0.0,-40.0,40.0,Ivan,CGP89PV0,3973.0
2018-03-19 15:17:00,62.0,22.0,40.0,sally snow,LR82Q9C9,3970.0
2018-03-19 15:17:00,77.0,-3.0,80.0,Karma,2QJU2YY92,3960.0
2018-03-19 15:17:00,90.0,50.0,40.0,cippi03,PGQVY99V,3936.0
2018-03-19 15:17:00,0.0,0.0,0.0,prince,9C9VJLJC,3921.0
2018-03-19 15:17:00,0.0,-40.0,40.0,JoWood,2CGJVY0Q,3907.0
2018-03-19 15:17:00,40.0,0.0,40.0,Red,2CPR9L20,3904.0
2018-03-19 15:17:00,18.0,-62.0,80.0,siraxl,RR0RUV,3866.0
2018-03-19 15:17:00,36.0,-4.0,40.0,Daddorix,RRJPLUVU,3846.0
2018-03-19 15:17:00,11.0,-69.0,80.0,$imone04,PCGG9QLG,3837.0
2018-03-19 15:17:00,0.0,0.0,0.0,Porkys,LVGP9Q9G,3803.0
2018-03-19 15:17:00,36.0,-44.0,80.0,hdd Crew,J892LVVU,3793.0
2018-03-19 15:17:00,102.0,62.0,40.0,Lord Albert,2QPCJ9CV9,3775.0
2018-03-19 15:17:00,25.0,-15.0,40.0,ciupi,ULGLPPP9,3752.0
2018-03-19 15:17:00,56.0,16.0,40.0,Slang,JGR8Q9U,3695.0
2018-03-19 15:17:00,0.0,0.0,0.0,ramelotto,2PQVUC0PV,3671.0
2018-03-19 15:18:00,123.0,43.0,80.0,Adrypok,20RVR029R,4527.0
2018-03-19 15:18:00,46.0,6.0,40.0,Shiuvan,22GQPCJJP,4475.0
2018-03-19 15:18:00,130.0,50.0,80.0,TheSonicSliver,9LG8QV2G,4410.0
2018-03-19 15:18:00,260.0,180.0,80.0,Nakakata,8G2JCQ0Q2,4382.0
2018-03-19 15:18:00,18.0,-22.0,40.0,Oliver,99888JG,4320.0
2018-03-19 15:18:00,45.0,-35.0,80.0,Xernakam,Y2UV98Y0,4314.0
2018-03-19 15:18:00,110.0,30.0,80.0,Eisenheim,80QQVCQ8G,4307.0
2018-03-19 15:18:00,34.0,-46.0,80.0,AndreQuadros,2P92YJC,4294.0
2018-03-19 15:18:00,67.0,-13.0,80.0,Asgarabaddad,PQ0LL9Y2,4261.0
2018-03-19 15:18:00,80.0,-20.0,100.0,Skoy,8RLVV20PY,4255.0
2018-03-19 15:18:00,142.0,62.0,80.0,mitch,GUG2QYPY,4248.0
2018-03-19 15:18:00,48.0,8.0,40.0,Carlucciello,J0JV0C8,4241.0
2018-03-19 15:18:00,78.0,38.0,40.0,pacheko,UYC0QU8,4227.0
2018-03-19 15:18:00,0.0,0.0,0.0,Raf ó Pipistrel,PQ2LULU,4210.0
2018-03-19 15:18:00,46.0,-34.0,80.0,El Mariachi,RUJL8R9Y,4183.0
2018-03-19 15:18:00,81.0,1.0,80.0,Rixy,LGV2GR0P,4133.0
2018-03-19 15:18:00,0.0,0.0,0.0,eiirp,GU8YYUPL,4086.0
2018-03-19 15:18:00,20.0,-20.0,40.0,PEKKATORE,89YRQ9R0P,4069.0
2018-03-19 15:18:00,68.0,28.0,40.0,.:*AduVaN4Ik*:.,2PYJLLCU,4067.0
2018-03-19 15:18:00,70.0,-10.0,80.0,maurito,2V98CPRV,4066.0
2018-03-19 15:18:00,26.0,-14.0,40.0,cartero,LQ2U2V2Y,4066.0
2018-03-19 15:18:00,0.0,0.0,0.0,Massi,2Q90G92R,4065.0
2018-03-19 15:18:00,54.0,-26.0,80.0,dani11cali,9JUUVUL2,4058.0
2018-03-19 15:18:00,30.0,-10.0,40.0,peppebusa,L0800PY9,4055.0
2018-03-19 15:18:00,24.0,-16.0,40.0,macomaco,UJP8LVUL,4041.0
2018-03-19 15:18:00,116.0,36.0,80.0,moonknight1402,LC2JPCQ,4040.0
2018-03-19 15:18:00,54.0,-26.0,80.0,antonio,URG2UJJ2,4028.0
2018-03-19 15:18:00,10.0,-30.0,40.0,TopAngy,JCPYJLVG,4022.0
2018-03-19 15:18:00,48.0,-32.0,80.0,sydmirror,82UUP9QLR,3990.0
2018-03-19 15:18:00,68.0,-12.0,80.0,ninonà,LJ2P2UJQ,3978.0
2018-03-19 15:18:00,0.0,0.0,0.0,AndiGarcia,PCLR990U,3974.0
2018-03-19 15:18:00,0.0,-40.0,40.0,Ivan,CGP89PV0,3973.0
2018-03-19 15:18:00,73.0,33.0,40.0,sally snow,LR82Q9C9,3970.0
2018-03-19 15:18:00,77.0,-3.0,80.0,Karma,2QJU2YY92,3960.0
2018-03-19 15:18:00,90.0,50.0,40.0,cippi03,PGQVY99V,3936.0
2018-03-19 15:18:00,0.0,0.0,0.0,prince,9C9VJLJC,3921.0
2018-03-19 15:18:00,0.0,-40.0,40.0,JoWood,2CGJVY0Q,3907.0
2018-03-19 15:18:00,40.0,0.0,40.0,Red,2CPR9L20,3904.0
2018-03-19 15:18:00,18.0,-62.0,80.0,siraxl,RR0RUV,3866.0
2018-03-19 15:18:00,36.0,-4.0,40.0,Daddorix,RRJPLUVU,3846.0
2018-03-19 15:18:00,11.0,-69.0,80.0,$imone04,PCGG9QLG,3837.0
2018-03-19 15:18:00,102.0,62.0,40.0,Lord Albert,2QPCJ9CV9,3804.0
2018-03-19 15:18:00,0.0,0.0,0.0,Porkys,LVGP9Q9G,3803.0
2018-03-19 15:18:00,36.0,-44.0,80.0,hdd Crew,J892LVVU,3793.0
2018-03-19 15:18:00,25.0,-15.0,40.0,ciupi,ULGLPPP9,3752.0
2018-03-19 15:18:00,56.0,16.0,40.0,Slang,JGR8Q9U,3695.0
2018-03-19 15:18:00,0.0,0.0,0.0,ramelotto,2PQVUC0PV,3671.0
2018-03-19 15:27:00,123.0,43.0,80.0,Adrypok,20RVR029R,4527.0
2018-03-19 15:27:00,46.0,6.0,40.0,Shiuvan,22GQPCJJP,4475.0
2018-03-19 15:27:00,130.0,50.0,80.0,TheSonicSliver,9LG8QV2G,4410.0
2018-03-19 15:27:00,260.0,180.0,80.0,Nakakata,8G2JCQ0Q2,4382.0
2018-03-19 15:27:00,18.0,-22.0,40.0,Oliver,99888JG,4320.0
2018-03-19 15:27:00,45.0,-35.0,80.0,Xernakam,Y2UV98Y0,4314.0
2018-03-19 15:27:00,110.0,30.0,80.0,Eisenheim,80QQVCQ8G,4307.0
2018-03-19 15:27:00,152.0,72.0,80.0,mitch,GUG2QYPY,4307.0
2018-03-19 15:27:00,34.0,-46.0,80.0,AndreQuadros,2P92YJC,4294.0
2018-03-19 15:27:00,67.0,-13.0,80.0,Asgarabaddad,PQ0LL9Y2,4261.0
2018-03-19 15:27:00,80.0,-30.0,110.0,Skoy,8RLVV20PY,4255.0
2018-03-19 15:27:00,48.0,8.0,40.0,Carlucciello,J0JV0C8,4241.0
2018-03-19 15:27:00,78.0,38.0,40.0,pacheko,UYC0QU8,4227.0
2018-03-19 15:27:00,0.0,0.0,0.0,Raf ó Pipistrel,PQ2LULU,4210.0
2018-03-19 15:27:00,46.0,-34.0,80.0,El Mariachi,RUJL8R9Y,4183.0
2018-03-19 15:27:00,81.0,1.0,80.0,Rixy,LGV2GR0P,4133.0
2018-03-19 15:27:00,0.0,0.0,0.0,eiirp,GU8YYUPL,4086.0
2018-03-19 15:27:00,20.0,-20.0,40.0,PEKKATORE,89YRQ9R0P,4069.0
2018-03-19 15:27:00,68.0,28.0,40.0,.:*AduVaN4Ik*:.,2PYJLLCU,4067.0
2018-03-19 15:27:00,70.0,-10.0,80.0,maurito,2V98CPRV,4066.0
2018-03-19 15:27:00,26.0,-14.0,40.0,cartero,LQ2U2V2Y,4066.0
2018-03-19 15:27:00,0.0,0.0,0.0,Massi,2Q90G92R,4065.0
2018-03-19 15:27:00,54.0,-26.0,80.0,dani11cali,9JUUVUL2,4058.0
2018-03-19 15:27:00,30.0,-10.0,40.0,peppebusa,L0800PY9,4055.0
2018-03-19 15:27:00,44.0,4.0,40.0,macomaco,UJP8LVUL,4041.0
2018-03-19 15:27:00,116.0,36.0,80.0,moonknight1402,LC2JPCQ,4040.0
2018-03-19 15:27:00,54.0,-26.0,80.0,antonio,URG2UJJ2,4028.0
2018-03-19 15:27:00,10.0,-30.0,40.0,TopAngy,JCPYJLVG,4022.0
2018-03-19 15:27:00,48.0,-32.0,80.0,sydmirror,82UUP9QLR,3990.0
2018-03-19 15:27:00,68.0,-12.0,80.0,ninonà,LJ2P2UJQ,3978.0
2018-03-19 15:27:00,0.0,0.0,0.0,AndiGarcia,PCLR990U,3974.0
2018-03-19 15:27:00,0.0,-40.0,40.0,Ivan,CGP89PV0,3973.0
2018-03-19 15:27:00,73.0,13.0,60.0,sally snow,LR82Q9C9,3970.0
2018-03-19 15:27:00,77.0,-3.0,80.0,Karma,2QJU2YY92,3960.0
2018-03-19 15:27:00,90.0,50.0,40.0,cippi03,PGQVY99V,3936.0
2018-03-19 15:27:00,0.0,0.0,0.0,prince,9C9VJLJC,3921.0
2018-03-19 15:27:00,0.0,-40.0,40.0,JoWood,2CGJVY0Q,3907.0
2018-03-19 15:27:00,40.0,0.0,40.0,Red,2CPR9L20,3904.0
2018-03-19 15:27:00,46.0,6.0,40.0,Daddorix,RRJPLUVU,3877.0
2018-03-19 15:27:00,18.0,-62.0,80.0,siraxl,RR0RUV,3866.0
2018-03-19 15:27:00,11.0,-69.0,80.0,$imone04,PCGG9QLG,3837.0
2018-03-19 15:27:00,102.0,52.0,50.0,Lord Albert,2QPCJ9CV9,3804.0
2018-03-19 15:27:00,0.0,0.0,0.0,Porkys,LVGP9Q9G,3803.0
2018-03-19 15:27:00,36.0,-44.0,80.0,hdd Crew,J892LVVU,3793.0
2018-03-19 15:27:00,25.0,-15.0,40.0,ciupi,ULGLPPP9,3752.0
2018-03-19 15:27:00,56.0,16.0,40.0,Slang,JGR8Q9U,3695.0
2018-03-19 15:27:00,0.0,0.0,0.0,ramelotto,2PQVUC0PV,3671.0
2018-03-19 18:04:00,123.0,43.0,80.0,Adrypok,20RVR029R,4527.0
2018-03-19 18:04:00,46.0,6.0,40.0,Shiuvan,22GQPCJJP,4475.0
2018-03-19 18:04:00,170.0,50.0,120.0,TheSonicSliver,9LG8QV2G,4410.0
2018-03-19 18:04:00,146.0,66.0,80.0,Eisenheim,80QQVCQ8G,4390.0
2018-03-19 18:04:00,296.0,216.0,80.0,Nakakata,8G2JCQ0Q2,4354.0
2018-03-19 18:04:00,26.0,-54.0,80.0,Oliver,99888JG,4320.0
2018-03-19 18:04:00,73.0,-7.0,80.0,Xernakam,Y2UV98Y0,4315.0
2018-03-19 18:04:00,34.0,-46.0,80.0,AndreQuadros,2P92YJC,4294.0
2018-03-19 18:04:00,67.0,-13.0,80.0,Asgarabaddad,PQ0LL9Y2,4261.0
2018-03-19 18:04:00,98.0,18.0,80.0,pacheko,UYC0QU8,4257.0
2018-03-19 18:04:00,90.0,-30.0,120.0,Skoy,8RLVV20PY,4254.0
2018-03-19 18:04:00,58.0,-22.0,80.0,Carlucciello,J0JV0C8,4241.0
2018-03-19 18:04:00,168.0,80.0,88.0,mitch,GUG2QYPY,4193.0
2018-03-19 18:04:00,46.0,-34.0,80.0,El Mariachi,RUJL8R9Y,4183.0
2018-03-19 18:04:00,111.0,31.0,80.0,Rixy,LGV2GR0P,4133.0
2018-03-19 18:04:00,10.0,-30.0,40.0,Raf ó Pipistrel,PQ2LULU,4123.0
2018-03-19 18:04:00,0.0,0.0,0.0,eiirp,GU8YYUPL,4086.0
2018-03-19 18:04:00,20.0,-20.0,40.0,PEKKATORE,89YRQ9R0P,4069.0
2018-03-19 18:04:00,68.0,28.0,40.0,.:*AduVaN4Ik*:.,2PYJLLCU,4067.0
2018-03-19 18:04:00,70.0,-10.0,80.0,maurito,2V98CPRV,4066.0
2018-03-19 18:04:00,26.0,-14.0,40.0,cartero,LQ2U2V2Y,4066.0
2018-03-19 18:04:00,0.0,0.0,0.0,Massi,2Q90G92R,4065.0
2018-03-19 18:04:00,54.0,-26.0,80.0,dani11cali,9JUUVUL2,4058.0
2018-03-19 18:04:00,30.0,-10.0,40.0,peppebusa,L0800PY9,4055.0
2018-03-19 18:04:00,44.0,4.0,40.0,macomaco,UJP8LVUL,4041.0
2018-03-19 18:04:00,116.0,36.0,80.0,moonknight1402,LC2JPCQ,4040.0
2018-03-19 18:04:00,72.0,-8.0,80.0,antonio,URG2UJJ2,4028.0
2018-03-19 18:04:00,10.0,-30.0,40.0,TopAngy,JCPYJLVG,4022.0
2018-03-19 18:04:00,106.0,-14.0,120.0,ninonà,LJ2P2UJQ,3978.0
2018-03-19 18:04:00,0.0,0.0,0.0,AndiGarcia,PCLR990U,3974.0
2018-03-19 18:04:00,0.0,-40.0,40.0,Ivan,CGP89PV0,3973.0
2018-03-19 18:04:00,89.0,9.0,80.0,sally snow,LR82Q9C9,3970.0
2018-03-19 18:04:00,56.0,-24.0,80.0,sydmirror,82UUP9QLR,3960.0
2018-03-19 18:04:00,90.0,50.0,40.0,cippi03,PGQVY99V,3936.0
2018-03-19 18:04:00,125.0,45.0,80.0,Karma,2QJU2YY92,3933.0
2018-03-19 18:04:00,0.0,-40.0,40.0,prince,9C9VJLJC,3921.0
2018-03-19 18:04:00,0.0,-40.0,40.0,JoWood,2CGJVY0Q,3907.0
2018-03-19 18:04:00,40.0,0.0,40.0,Red,2CPR9L20,3904.0
2018-03-19 18:04:00,46.0,-34.0,80.0,Daddorix,RRJPLUVU,3877.0
2018-03-19 18:04:00,18.0,-62.0,80.0,siraxl,RR0RUV,3866.0
2018-03-19 18:04:00,11.0,-69.0,80.0,$imone04,PCGG9QLG,3837.0
2018-03-19 18:04:00,120.0,40.0,80.0,Lord Albert,2QPCJ9CV9,3804.0
2018-03-19 18:04:00,0.0,0.0,0.0,Porkys,LVGP9Q9G,3803.0
2018-03-19 18:04:00,36.0,-44.0,80.0,hdd Crew,J892LVVU,3793.0
2018-03-19 18:04:00,25.0,-15.0,40.0,ciupi,ULGLPPP9,3752.0
2018-03-19 18:04:00,56.0,16.0,40.0,Slang,JGR8Q9U,3695.0
2018-03-19 18:04:00,38.0,-2.0,40.0,ramelotto,2PQVUC0PV,3615.0
2018-03-19 18:29:00,123.0,43.0,80.0,Adrypok,20RVR029R,4527.0
2018-03-19 18:29:00,46.0,6.0,40.0,Shiuvan,22GQPCJJP,4475.0
2018-03-19 18:29:00,170.0,50.0,120.0,TheSonicSliver,9LG8QV2G,4410.0
2018-03-19 18:29:00,146.0,66.0,80.0,Eisenheim,80QQVCQ8G,4390.0
2018-03-19 18:29:00,296.0,216.0,80.0,Nakakata,8G2JCQ0Q2,4354.0
2018-03-19 18:29:00,26.0,-54.0,80.0,Oliver,99888JG,4320.0
2018-03-19 18:29:00,73.0,-7.0,80.0,Xernakam,Y2UV98Y0,4315.0
2018-03-19 18:29:00,34.0,-46.0,80.0,AndreQuadros,2P92YJC,4294.0
2018-03-19 18:29:00,67.0,-13.0,80.0,Asgarabaddad,PQ0LL9Y2,4261.0
2018-03-19 18:29:00,98.0,18.0,80.0,pacheko,UYC0QU8,4257.0
2018-03-19 18:29:00,90.0,-30.0,120.0,Skoy,8RLVV20PY,4254.0
2018-03-19 18:29:00,58.0,-22.0,80.0,Carlucciello,J0JV0C8,4241.0
2018-03-19 18:29:00,46.0,-34.0,80.0,El Mariachi,RUJL8R9Y,4183.0
2018-03-19 18:29:00,168.0,78.0,90.0,mitch,GUG2QYPY,4163.0
2018-03-19 18:29:00,111.0,31.0,80.0,Rixy,LGV2GR0P,4133.0
2018-03-19 18:29:00,10.0,-30.0,40.0,Raf ó Pipistrel,PQ2LULU,4123.0
2018-03-19 18:29:00,0.0,0.0,0.0,eiirp,GU8YYUPL,4086.0
2018-03-19 18:29:00,107.0,-13.0,120.0,ninonà,LJ2P2UJQ,4069.0
2018-03-19 18:29:00,20.0,-20.0,40.0,PEKKATORE,89YRQ9R0P,4069.0
2018-03-19 18:29:00,68.0,28.0,40.0,.:*AduVaN4Ik*:.,2PYJLLCU,4067.0
2018-03-19 18:29:00,70.0,-10.0,80.0,maurito,2V98CPRV,4066.0
2018-03-19 18:29:00,26.0,-14.0,40.0,cartero,LQ2U2V2Y,4066.0
2018-03-19 18:29:00,0.0,0.0,0.0,Massi,2Q90G92R,4065.0
2018-03-19 18:29:00,54.0,-26.0,80.0,dani11cali,9JUUVUL2,4058.0
2018-03-19 18:29:00,30.0,-10.0,40.0,peppebusa,L0800PY9,4055.0
2018-03-19 18:29:00,44.0,4.0,40.0,macomaco,UJP8LVUL,4041.0
2018-03-19 18:29:00,116.0,36.0,80.0,moonknight1402,LC2JPCQ,4040.0
2018-03-19 18:29:00,72.0,-8.0,80.0,antonio,URG2UJJ2,4028.0
2018-03-19 18:29:00,11.0,-29.0,40.0,TopAngy,JCPYJLVG,4022.0
2018-03-19 18:29:00,0.0,0.0,0.0,AndiGarcia,PCLR990U,3974.0
2018-03-19 18:29:00,0.0,-40.0,40.0,Ivan,CGP89PV0,3973.0
2018-03-19 18:29:00,89.0,9.0,80.0,sally snow,LR82Q9C9,3970.0
2018-03-19 18:29:00,56.0,-24.0,80.0,sydmirror,82UUP9QLR,3960.0
2018-03-19 18:29:00,90.0,50.0,40.0,cippi03,PGQVY99V,3936.0
2018-03-19 18:29:00,125.0,45.0,80.0,Karma,2QJU2YY92,3933.0
2018-03-19 18:29:00,0.0,-40.0,40.0,prince,9C9VJLJC,3921.0
2018-03-19 18:29:00,0.0,-40.0,40.0,JoWood,2CGJVY0Q,3907.0
2018-03-19 18:29:00,40.0,0.0,40.0,Red,2CPR9L20,3904.0
2018-03-19 18:29:00,46.0,-34.0,80.0,Daddorix,RRJPLUVU,3877.0
2018-03-19 18:29:00,18.0,-62.0,80.0,siraxl,RR0RUV,3866.0
2018-03-19 18:29:00,11.0,-69.0,80.0,$imone04,PCGG9QLG,3837.0
2018-03-19 18:29:00,120.0,40.0,80.0,Lord Albert,2QPCJ9CV9,3804.0
2018-03-19 18:29:00,0.0,0.0,0.0,Porkys,LVGP9Q9G,3803.0
2018-03-19 18:29:00,36.0,-44.0,80.0,hdd Crew,J892LVVU,3793.0
2018-03-19 18:29:00,25.0,-15.0,40.0,ciupi,ULGLPPP9,3752.0
2018-03-19 18:29:00,56.0,16.0,40.0,Slang,JGR8Q9U,3695.0
2018-03-19 18:29:00,38.0,-2.0,40.0,ramelotto,2PQVUC0PV,3615.0
2018-03-19 18:57:00,123.0,43.0,80.0,Adrypok,20RVR029R,4527.0
2018-03-19 18:57:00,46.0,6.0,40.0,Shiuvan,22GQPCJJP,4475.0
2018-03-19 18:57:00,178.0,58.0,120.0,TheSonicSliver,9LG8QV2G,4410.0
2018-03-19 18:57:00,164.0,84.0,80.0,Eisenheim,80QQVCQ8G,4390.0
2018-03-19 18:57:00,296.0,216.0,80.0,Nakakata,8G2JCQ0Q2,4354.0
2018-03-19 18:57:00,26.0,-54.0,80.0,Oliver,99888JG,4320.0
2018-03-19 18:57:00,83.0,3.0,80.0,Xernakam,Y2UV98Y0,4315.0
2018-03-19 18:57:00,34.0,-46.0,80.0,AndreQuadros,2P92YJC,4294.0
2018-03-19 18:57:00,67.0,-13.0,80.0,Asgarabaddad,PQ0LL9Y2,4261.0
2018-03-19 18:57:00,108.0,28.0,80.0,pacheko,UYC0QU8,4257.0
2018-03-19 18:57:00,90.0,-30.0,120.0,Skoy,8RLVV20PY,4254.0
2018-03-19 18:57:00,58.0,-22.0,80.0,Carlucciello,J0JV0C8,4241.0
2018-03-19 18:57:00,46.0,-34.0,80.0,El Mariachi,RUJL8R9Y,4183.0
2018-03-19 18:57:00,168.0,63.0,105.0,mitch,GUG2QYPY,4163.0
2018-03-19 18:57:00,119.0,39.0,80.0,Rixy,LGV2GR0P,4133.0
2018-03-19 18:57:00,10.0,-30.0,40.0,Raf ó Pipistrel,PQ2LULU,4123.0
2018-03-19 18:57:00,0.0,0.0,0.0,eiirp,GU8YYUPL,4086.0
2018-03-19 18:57:00,107.0,-13.0,120.0,ninonà,LJ2P2UJQ,4069.0
2018-03-19 18:57:00,20.0,-20.0,40.0,PEKKATORE,89YRQ9R0P,4069.0
2018-03-19 18:57:00,68.0,28.0,40.0,.:*AduVaN4Ik*:.,2PYJLLCU,4067.0
2018-03-19 18:57:00,70.0,-10.0,80.0,maurito,2V98CPRV,4066.0
2018-03-19 18:57:00,26.0,-14.0,40.0,cartero,LQ2U2V2Y,4066.0
2018-03-19 18:57:00,0.0,0.0,0.0,Massi,2Q90G92R,4065.0
2018-03-19 18:57:00,54.0,-26.0,80.0,dani11cali,9JUUVUL2,4058.0
2018-03-19 18:57:00,30.0,-40.0,70.0,peppebusa,L0800PY9,4055.0
2018-03-19 18:57:00,44.0,4.0,40.0,macomaco,UJP8LVUL,4041.0
2018-03-19 18:57:00,116.0,36.0,80.0,moonknight1402,LC2JPCQ,4040.0
2018-03-19 18:57:00,72.0,-8.0,80.0,antonio,URG2UJJ2,4028.0
2018-03-19 18:57:00,26.0,-14.0,40.0,TopAngy,JCPYJLVG,4022.0
2018-03-19 18:57:00,0.0,0.0,0.0,AndiGarcia,PCLR990U,3974.0
2018-03-19 18:57:00,0.0,-40.0,40.0,Ivan,CGP89PV0,3973.0
2018-03-19 18:57:00,89.0,9.0,80.0,sally snow,LR82Q9C9,3970.0
2018-03-19 18:57:00,56.0,-24.0,80.0,sydmirror,82UUP9QLR,3960.0
2018-03-19 18:57:00,90.0,50.0,40.0,cippi03,PGQVY99V,3936.0
2018-03-19 18:57:00,125.0,45.0,80.0,Karma,2QJU2YY92,3933.0
2018-03-19 18:57:00,0.0,-40.0,40.0,prince,9C9VJLJC,3921.0
2018-03-19 18:57:00,0.0,-40.0,40.0,JoWood,2CGJVY0Q,3907.0
2018-03-19 18:57:00,40.0,0.0,40.0,Red,2CPR9L20,3904.0
2018-03-19 18:57:00,54.0,-26.0,80.0,Daddorix,RRJPLUVU,3877.0
2018-03-19 18:57:00,18.0,-62.0,80.0,siraxl,RR0RUV,3866.0
2018-03-19 18:57:00,11.0,-69.0,80.0,$imone04,PCGG9QLG,3837.0
2018-03-19 18:57:00,120.0,40.0,80.0,Lord Albert,2QPCJ9CV9,3804.0
2018-03-19 18:57:00,8.0,-32.0,40.0,Porkys,LVGP9Q9G,3803.0
2018-03-19 18:57:00,36.0,-44.0,80.0,hdd Crew,J892LVVU,3793.0
2018-03-19 18:57:00,25.0,-15.0,40.0,ciupi,ULGLPPP9,3752.0
2018-03-19 18:57:00,56.0,16.0,40.0,Slang,JGR8Q9U,3695.0
2018-03-19 18:57:00,38.0,-2.0,40.0,ramelotto,2PQVUC0PV,3615.0
2018-03-19 19:43:00,123.0,43.0,80.0,Adrypok,20RVR029R,4527.0
2018-03-19 19:43:00,46.0,6.0,40.0,Shiuvan,22GQPCJJP,4475.0
2018-03-19 19:43:00,306.0,226.0,80.0,Nakakata,8G2JCQ0Q2,4418.0
2018-03-19 19:43:00,198.0,78.0,120.0,TheSonicSliver,9LG8QV2G,4410.0
2018-03-19 19:43:00,184.0,104.0,80.0,Eisenheim,80QQVCQ8G,4390.0
2018-03-19 19:43:00,26.0,-54.0,80.0,Oliver,99888JG,4320.0
2018-03-19 19:43:00,83.0,3.0,80.0,Xernakam,Y2UV98Y0,4315.0
2018-03-19 19:43:00,34.0,-46.0,80.0,AndreQuadros,2P92YJC,4294.0
2018-03-19 19:43:00,67.0,-13.0,80.0,Asgarabaddad,PQ0LL9Y2,4261.0
2018-03-19 19:43:00,108.0,28.0,80.0,pacheko,UYC0QU8,4257.0
2018-03-19 19:43:00,100.0,-20.0,120.0,Skoy,8RLVV20PY,4254.0
2018-03-19 19:43:00,78.0,-2.0,80.0,Carlucciello,J0JV0C8,4241.0
2018-03-19 19:43:00,46.0,-34.0,80.0,El Mariachi,RUJL8R9Y,4183.0
2018-03-19 19:43:00,119.0,39.0,80.0,Rixy,LGV2GR0P,4163.0
2018-03-19 19:43:00,168.0,48.0,120.0,mitch,GUG2QYPY,4163.0
2018-03-19 19:43:00,10.0,-30.0,40.0,Raf ó Pipistrel,PQ2LULU,4123.0
2018-03-19 19:43:00,0.0,0.0,0.0,eiirp,GU8YYUPL,4086.0
2018-03-19 19:43:00,107.0,-13.0,120.0,ninonà,LJ2P2UJQ,4069.0
2018-03-19 19:43:00,20.0,-20.0,40.0,PEKKATORE,89YRQ9R0P,4069.0
2018-03-19 19:43:00,68.0,-12.0,80.0,.:*AduVaN4Ik*:.,2PYJLLCU,4067.0
2018-03-19 19:43:00,70.0,-50.0,120.0,maurito,2V98CPRV,4066.0
2018-03-19 19:43:00,26.0,-14.0,40.0,cartero,LQ2U2V2Y,4066.0
2018-03-19 19:43:00,0.0,0.0,0.0,Massi,2Q90G92R,4065.0
2018-03-19 19:43:00,54.0,-26.0,80.0,dani11cali,9JUUVUL2,4058.0
2018-03-19 19:43:00,40.0,-40.0,80.0,peppebusa,L0800PY9,4055.0
2018-03-19 19:43:00,44.0,4.0,40.0,macomaco,UJP8LVUL,4041.0
2018-03-19 19:43:00,116.0,36.0,80.0,moonknight1402,LC2JPCQ,4040.0
2018-03-19 19:43:00,72.0,-8.0,80.0,antonio,URG2UJJ2,4028.0
2018-03-19 19:43:00,26.0,-14.0,40.0,TopAngy,JCPYJLVG,4022.0
2018-03-19 19:43:00,0.0,0.0,0.0,AndiGarcia,PCLR990U,3974.0
2018-03-19 19:43:00,0.0,-40.0,40.0,Ivan,CGP89PV0,3973.0
2018-03-19 19:43:00,117.0,37.0,80.0,sally snow,LR82Q9C9,3970.0
2018-03-19 19:43:00,56.0,-24.0,80.0,sydmirror,82UUP9QLR,3960.0
2018-03-19 19:43:00,90.0,50.0,40.0,cippi03,PGQVY99V,3936.0
2018-03-19 19:43:00,125.0,45.0,80.0,Karma,2QJU2YY92,3933.0
2018-03-19 19:43:00,0.0,-40.0,40.0,prince,9C9VJLJC,3921.0
2018-03-19 19:43:00,0.0,-40.0,40.0,JoWood,2CGJVY0Q,3907.0
2018-03-19 19:43:00,40.0,0.0,40.0,Red,2CPR9L20,3904.0
2018-03-19 19:43:00,64.0,-16.0,80.0,Daddorix,RRJPLUVU,3877.0
2018-03-19 19:43:00,18.0,-62.0,80.0,siraxl,RR0RUV,3866.0
2018-03-19 19:43:00,11.0,-69.0,80.0,$imone04,PCGG9QLG,3837.0
2018-03-19 19:43:00,130.0,50.0,80.0,Lord Albert,2QPCJ9CV9,3804.0
2018-03-19 19:43:00,8.0,-32.0,40.0,Porkys,LVGP9Q9G,3803.0
2018-03-19 19:43:00,36.0,-44.0,80.0,hdd Crew,J892LVVU,3793.0
2018-03-19 19:43:00,32.0,-48.0,80.0,ciupi,ULGLPPP9,3754.0
2018-03-19 19:43:00,56.0,16.0,40.0,Slang,JGR8Q9U,3695.0
2018-03-19 19:43:00,38.0,-2.0,40.0,ramelotto,2PQVUC0PV,3615.0
2018-03-19 20:33:00,123.0,43.0,80.0,Adrypok,20RVR029R,4527.0
2018-03-19 20:33:00,46.0,6.0,40.0,Shiuvan,22GQPCJJP,4475.0
2018-03-19 20:33:00,306.0,226.0,80.0,Nakakata,8G2JCQ0Q2,4418.0
2018-03-19 20:33:00,206.0,86.0,120.0,TheSonicSliver,9LG8QV2G,4410.0
2018-03-19 20:33:00,192.0,112.0,80.0,Eisenheim,80QQVCQ8G,4390.0
2018-03-19 20:33:00,26.0,-54.0,80.0,Oliver,99888JG,4320.0
2018-03-19 20:33:00,83.0,3.0,80.0,Xernakam,Y2UV98Y0,4315.0
2018-03-19 20:33:00,34.0,-46.0,80.0,AndreQuadros,2P92YJC,4294.0
2018-03-19 20:33:00,67.0,-13.0,80.0,Asgarabaddad,PQ0LL9Y2,4261.0
2018-03-19 20:33:00,108.0,28.0,80.0,pacheko,UYC0QU8,4257.0
2018-03-19 20:33:00,100.0,-20.0,120.0,Skoy,8RLVV20PY,4254.0
2018-03-19 20:33:00,78.0,-2.0,80.0,Carlucciello,J0JV0C8,4241.0
2018-03-19 20:33:00,46.0,-34.0,80.0,El Mariachi,RUJL8R9Y,4183.0
2018-03-19 20:33:00,168.0,48.0,120.0,mitch,GUG2QYPY,4164.0
2018-03-19 20:33:00,119.0,39.0,80.0,Rixy,LGV2GR0P,4163.0
2018-03-19 20:33:00,10.0,-30.0,40.0,Raf ó Pipistrel,PQ2LULU,4123.0
2018-03-19 20:33:00,0.0,-8.0,8.0,eiirp,GU8YYUPL,4086.0
2018-03-19 20:33:00,107.0,-13.0,120.0,ninonà,LJ2P2UJQ,4069.0
2018-03-19 20:33:00,20.0,-20.0,40.0,PEKKATORE,89YRQ9R0P,4069.0
2018-03-19 20:33:00,68.0,-12.0,80.0,.:*AduVaN4Ik*:.,2PYJLLCU,4067.0
2018-03-19 20:33:00,70.0,-50.0,120.0,maurito,2V98CPRV,4066.0
2018-03-19 20:33:00,26.0,-14.0,40.0,cartero,LQ2U2V2Y,4066.0
2018-03-19 20:33:00,0.0,0.0,0.0,Massi,2Q90G92R,4065.0
2018-03-19 20:33:00,62.0,-18.0,80.0,dani11cali,9JUUVUL2,4058.0
2018-03-19 20:33:00,40.0,-40.0,80.0,peppebusa,L0800PY9,4055.0
2018-03-19 20:33:00,44.0,4.0,40.0,macomaco,UJP8LVUL,4041.0
2018-03-19 20:33:00,116.0,36.0,80.0,moonknight1402,LC2JPCQ,4040.0
2018-03-19 20:33:00,80.0,-10.0,90.0,antonio,URG2UJJ2,4028.0
2018-03-19 20:33:00,26.0,-14.0,40.0,TopAngy,JCPYJLVG,4022.0
2018-03-19 20:33:00,0.0,0.0,0.0,AndiGarcia,PCLR990U,3974.0
2018-03-19 20:33:00,0.0,-40.0,40.0,Ivan,CGP89PV0,3973.0
2018-03-19 20:33:00,117.0,37.0,80.0,sally snow,LR82Q9C9,3970.0
2018-03-19 20:33:00,56.0,-24.0,80.0,sydmirror,82UUP9QLR,3960.0
2018-03-19 20:33:00,90.0,50.0,40.0,cippi03,PGQVY99V,3936.0
2018-03-19 20:33:00,135.0,23.0,112.0,Karma,2QJU2YY92,3933.0
2018-03-19 20:33:00,0.0,-40.0,40.0,prince,9C9VJLJC,3921.0
2018-03-19 20:33:00,0.0,-40.0,40.0,JoWood,2CGJVY0Q,3907.0
2018-03-19 20:33:00,40.0,0.0,40.0,Red,2CPR9L20,3904.0
2018-03-19 20:33:00,64.0,-16.0,80.0,Daddorix,RRJPLUVU,3877.0
2018-03-19 20:33:00,18.0,-62.0,80.0,siraxl,RR0RUV,3866.0
2018-03-19 20:33:00,11.0,-69.0,80.0,$imone04,PCGG9QLG,3837.0
2018-03-19 20:33:00,130.0,50.0,80.0,Lord Albert,2QPCJ9CV9,3804.0
2018-03-19 20:33:00,16.0,-24.0,40.0,Porkys,LVGP9Q9G,3803.0
2018-03-19 20:33:00,36.0,-44.0,80.0,hdd Crew,J892LVVU,3793.0
2018-03-19 20:33:00,32.0,-48.0,80.0,ciupi,ULGLPPP9,3784.0
2018-03-19 20:33:00,56.0,16.0,40.0,Slang,JGR8Q9U,3695.0
2018-03-19 20:33:00,38.0,-2.0,40.0,ramelotto,2PQVUC0PV,3615.0
2018-03-19 22:00:00,123.0,43.0,80.0,Adrypok,20RVR029R,4527.0
2018-03-19 22:00:00,46.0,6.0,40.0,Shiuvan,22GQPCJJP,4475.0
2018-03-19 22:00:00,306.0,226.0,80.0,Nakakata,8G2JCQ0Q2,4418.0
2018-03-19 22:00:00,206.0,86.0,120.0,TheSonicSliver,9LG8QV2G,4410.0
2018-03-19 22:00:00,220.0,132.0,88.0,Eisenheim,80QQVCQ8G,4390.0
2018-03-19 22:00:00,93.0,13.0,80.0,Xernakam,Y2UV98Y0,4347.0
2018-03-19 22:00:00,26.0,-54.0,80.0,Oliver,99888JG,4320.0
2018-03-19 22:00:00,34.0,-46.0,80.0,AndreQuadros,2P92YJC,4294.0
2018-03-19 22:00:00,146.0,66.0,80.0,pacheko,UYC0QU8,4286.0
2018-03-19 22:00:00,93.0,13.0,80.0,Asgarabaddad,PQ0LL9Y2,4261.0
2018-03-19 22:00:00,110.0,-10.0,120.0,Skoy,8RLVV20PY,4254.0
2018-03-19 22:00:00,78.0,-2.0,80.0,Carlucciello,J0JV0C8,4241.0
2018-03-19 22:00:00,54.0,-66.0,120.0,El Mariachi,RUJL8R9Y,4212.0
2018-03-19 22:00:00,176.0,56.0,120.0,mitch,GUG2QYPY,4164.0
2018-03-19 22:00:00,119.0,39.0,80.0,Rixy,LGV2GR0P,4163.0
2018-03-19 22:00:00,10.0,-30.0,40.0,Raf ó Pipistrel,PQ2LULU,4123.0
2018-03-19 22:00:00,80.0,-40.0,120.0,maurito,2V98CPRV,4094.0
2018-03-19 22:00:00,0.0,-40.0,40.0,eiirp,GU8YYUPL,4086.0
2018-03-19 22:00:00,107.0,-13.0,120.0,ninonà,LJ2P2UJQ,4069.0
2018-03-19 22:00:00,20.0,-60.0,80.0,PEKKATORE,89YRQ9R0P,4069.0
2018-03-19 22:00:00,68.0,-12.0,80.0,.:*AduVaN4Ik*:.,2PYJLLCU,4067.0
2018-03-19 22:00:00,36.0,-14.0,50.0,cartero,LQ2U2V2Y,4066.0
2018-03-19 22:00:00,0.0,0.0,0.0,Massi,2Q90G92R,4065.0
2018-03-19 22:00:00,62.0,-58.0,120.0,dani11cali,9JUUVUL2,4058.0
2018-03-19 22:00:00,40.0,-40.0,80.0,peppebusa,L0800PY9,4055.0
2018-03-19 22:00:00,136.0,16.0,120.0,moonknight1402,LC2JPCQ,4040.0
2018-03-19 22:00:00,80.0,-40.0,120.0,antonio,URG2UJJ2,4028.0
2018-03-19 22:00:00,26.0,-14.0,40.0,TopAngy,JCPYJLVG,4022.0
2018-03-19 22:00:00,44.0,4.0,40.0,macomaco,UJP8LVUL,3982.0
2018-03-19 22:00:00,0.0,0.0,0.0,AndiGarcia,PCLR990U,3974.0
2018-03-19 22:00:00,0.0,-40.0,40.0,Ivan,CGP89PV0,3973.0
2018-03-19 22:00:00,171.0,91.0,80.0,sally snow,LR82Q9C9,3970.0
2018-03-19 22:00:00,90.0,50.0,40.0,cippi03,PGQVY99V,3936.0
2018-03-19 22:00:00,135.0,15.0,120.0,Karma,2QJU2YY92,3933.0
2018-03-19 22:00:00,56.0,-64.0,120.0,sydmirror,82UUP9QLR,3930.0
2018-03-19 22:00:00,0.0,-40.0,40.0,prince,9C9VJLJC,3921.0
2018-03-19 22:00:00,0.0,-40.0,40.0,JoWood,2CGJVY0Q,3907.0
2018-03-19 22:00:00,40.0,0.0,40.0,Red,2CPR9L20,3904.0
2018-03-19 22:00:00,128.0,48.0,80.0,Daddorix,RRJPLUVU,3877.0
2018-03-19 22:00:00,18.0,-62.0,80.0,siraxl,RR0RUV,3866.0
2018-03-19 22:00:00,11.0,-69.0,80.0,$imone04,PCGG9QLG,3837.0
2018-03-19 22:00:00,138.0,58.0,80.0,Lord Albert,2QPCJ9CV9,3804.0
2018-03-19 22:00:00,34.0,-6.0,40.0,Porkys,LVGP9Q9G,3803.0
2018-03-19 22:00:00,36.0,-44.0,80.0,hdd Crew,J892LVVU,3793.0
2018-03-19 22:00:00,32.0,-48.0,80.0,ciupi,ULGLPPP9,3784.0
2018-03-19 22:00:00,72.0,-8.0,80.0,Slang,JGR8Q9U,3698.0
2018-03-19 22:00:00,38.0,-2.0,40.0,ramelotto,2PQVUC0PV,3615.0
2018-03-19 23:22:00,151.0,34.0,117.0,Adrypok,20RVR029R,4527.0
2018-03-19 23:22:00,46.0,6.0,40.0,Shiuvan,22GQPCJJP,4475.0
2018-03-19 23:22:00,306.0,186.0,120.0,Nakakata,8G2JCQ0Q2,4450.0
2018-03-19 23:22:00,242.0,122.0,120.0,TheSonicSliver,9LG8QV2G,4410.0
2018-03-19 23:22:00,220.0,100.0,120.0,Eisenheim,80QQVCQ8G,4390.0
2018-03-19 23:22:00,133.0,13.0,120.0,Xernakam,Y2UV98Y0,4377.0
2018-03-19 23:22:00,39.0,-81.0,120.0,Oliver,99888JG,4320.0
2018-03-19 23:22:00,34.0,-46.0,80.0,AndreQuadros,2P92YJC,4294.0
2018-03-19 23:22:00,154.0,64.0,90.0,pacheko,UYC0QU8,4286.0
2018-03-19 23:22:00,119.0,-1.0,120.0,Asgarabaddad,PQ0LL9Y2,4261.0
2018-03-19 23:22:00,98.0,18.0,80.0,Carlucciello,J0JV0C8,4241.0
2018-03-19 23:22:00,164.0,4.0,160.0,Skoy,8RLVV20PY,4225.0
2018-03-19 23:22:00,54.0,-66.0,120.0,El Mariachi,RUJL8R9Y,4212.0
2018-03-19 23:22:00,176.0,56.0,120.0,mitch,GUG2QYPY,4164.0
2018-03-19 23:22:00,119.0,39.0,80.0,Rixy,LGV2GR0P,4163.0
2018-03-19 23:22:00,10.0,-30.0,40.0,Raf ó Pipistrel,PQ2LULU,4123.0
2018-03-19 23:22:00,80.0,-40.0,120.0,maurito,2V98CPRV,4094.0
2018-03-19 23:22:00,0.0,-40.0,40.0,eiirp,GU8YYUPL,4086.0
2018-03-19 23:22:00,107.0,-13.0,120.0,ninonà,LJ2P2UJQ,4069.0
2018-03-19 23:22:00,20.0,-60.0,80.0,PEKKATORE,89YRQ9R0P,4069.0
2018-03-19 23:22:00,68.0,-12.0,80.0,.:*AduVaN4Ik*:.,2PYJLLCU,4067.0
2018-03-19 23:22:00,36.0,-44.0,80.0,cartero,LQ2U2V2Y,4066.0
2018-03-19 23:22:00,30.0,-10.0,40.0,Massi,2Q90G92R,4065.0
2018-03-19 23:22:00,62.0,-58.0,120.0,dani11cali,9JUUVUL2,4058.0
2018-03-19 23:22:00,40.0,-40.0,80.0,peppebusa,L0800PY9,4055.0
2018-03-19 23:22:00,136.0,16.0,120.0,moonknight1402,LC2JPCQ,4040.0
2018-03-19 23:22:00,80.0,-40.0,120.0,antonio,URG2UJJ2,4028.0
2018-03-19 23:22:00,26.0,-14.0,40.0,TopAngy,JCPYJLVG,4022.0
2018-03-19 23:22:00,44.0,4.0,40.0,macomaco,UJP8LVUL,3982.0
2018-03-19 23:22:00,0.0,0.0,0.0,AndiGarcia,PCLR990U,3974.0
2018-03-19 23:22:00,0.0,-40.0,40.0,Ivan,CGP89PV0,3973.0
2018-03-19 23:22:00,237.0,117.0,120.0,sally snow,LR82Q9C9,3970.0
2018-03-19 23:22:00,90.0,50.0,40.0,cippi03,PGQVY99V,3936.0
2018-03-19 23:22:00,135.0,15.0,120.0,Karma,2QJU2YY92,3933.0
2018-03-19 23:22:00,56.0,-64.0,120.0,sydmirror,82UUP9QLR,3930.0
2018-03-19 23:22:00,0.0,-40.0,40.0,prince,9C9VJLJC,3921.0
2018-03-19 23:22:00,0.0,-40.0,40.0,JoWood,2CGJVY0Q,3907.0
2018-03-19 23:22:00,70.0,-10.0,80.0,Red,2CPR9L20,3904.0
2018-03-19 23:22:00,154.0,64.0,90.0,Daddorix,RRJPLUVU,3877.0
2018-03-19 23:22:00,46.0,-74.0,120.0,siraxl,RR0RUV,3866.0
2018-03-19 23:22:00,11.0,-69.0,80.0,$imone04,PCGG9QLG,3837.0
2018-03-19 23:22:00,138.0,58.0,80.0,Lord Albert,2QPCJ9CV9,3804.0
2018-03-19 23:22:00,34.0,-6.0,40.0,Porkys,LVGP9Q9G,3803.0
2018-03-19 23:22:00,36.0,-44.0,80.0,hdd Crew,J892LVVU,3793.0
2018-03-19 23:22:00,32.0,-48.0,80.0,ciupi,ULGLPPP9,3784.0
2018-03-19 23:22:00,146.0,66.0,80.0,Slang,JGR8Q9U,3727.0
2018-03-19 23:22:00,38.0,-2.0,40.0,ramelotto,2PQVUC0PV,3615.0
2018-03-20 15:43:00,198.0,118.0,80.0,Shiuvan,22GQPCJJP,4605.0
2018-03-20 15:43:00,169.0,9.0,160.0,Adrypok,20RVR029R,4502.0
2018-03-20 15:43:00,306.0,146.0,160.0,Nakakata,8G2JCQ0Q2,4450.0
2018-03-20 15:43:00,348.0,148.0,200.0,TheSonicSliver,9LG8QV2G,4410.0
2018-03-20 15:43:00,233.0,33.0,200.0,Xernakam,Y2UV98Y0,4379.0
2018-03-20 15:43:00,310.0,110.0,200.0,Eisenheim,80QQVCQ8G,4361.0
2018-03-20 15:43:00,39.0,-121.0,160.0,Oliver,99888JG,4320.0
2018-03-20 15:43:00,190.0,30.0,160.0,pacheko,UYC0QU8,4317.0
2018-03-20 15:43:00,42.0,-78.0,120.0,AndreQuadros,2P92YJC,4294.0
2018-03-20 15:43:00,165.0,5.0,160.0,Asgarabaddad,PQ0LL9Y2,4261.0
2018-03-20 15:43:00,126.0,6.0,120.0,Carlucciello,J0JV0C8,4241.0
2018-03-20 15:43:00,110.0,-90.0,200.0,El Mariachi,RUJL8R9Y,4180.0
2018-03-20 15:43:00,252.0,12.0,240.0,Skoy,8RLVV20PY,4137.0
2018-03-20 15:43:00,293.0,135.0,158.0,Rixy,LGV2GR0P,4134.0
2018-03-20 15:43:00,134.0,-26.0,160.0,.:*AduVaN4Ik*:.,2PYJLLCU,4126.0
2018-03-20 15:43:00,10.0,-30.0,40.0,Raf ó Pipistrel,PQ2LULU,4123.0
2018-03-20 15:43:00,118.0,-42.0,160.0,peppebusa,L0800PY9,4117.0
2018-03-20 15:43:00,157.0,-3.0,160.0,ninonà,LJ2P2UJQ,4097.0
2018-03-20 15:43:00,90.0,-70.0,160.0,maurito,2V98CPRV,4094.0
2018-03-20 15:43:00,0.0,-80.0,80.0,eiirp,GU8YYUPL,4086.0
2018-03-20 15:43:00,120.0,-40.0,160.0,sydmirror,82UUP9QLR,4086.0
2018-03-20 15:43:00,36.0,-84.0,120.0,cartero,LQ2U2V2Y,4066.0
2018-03-20 15:43:00,72.0,-8.0,80.0,Massi,2Q90G92R,4065.0
2018-03-20 15:43:00,148.0,-52.0,200.0,dani11cali,9JUUVUL2,4058.0
2018-03-20 15:43:00,146.0,-14.0,160.0,moonknight1402,LC2JPCQ,4040.0
2018-03-20 15:43:00,164.0,-36.0,200.0,antonio,URG2UJJ2,4028.0
2018-03-20 15:43:00,46.0,6.0,40.0,AndiGarcia,PCLR990U,4005.0
2018-03-20 15:43:00,52.0,-28.0,80.0,TopAngy,JCPYJLVG,3992.0
2018-03-20 15:43:00,0.0,-80.0,80.0,Ivan,CGP89PV0,3973.0
2018-03-20 15:43:00,332.0,172.0,160.0,sally snow,LR82Q9C9,3970.0
2018-03-20 15:43:00,62.0,-18.0,80.0,JoWood,2CGJVY0Q,3966.0
2018-03-20 15:43:00,109.0,-11.0,120.0,PEKKATORE,89YRQ9R0P,3950.0
2018-03-20 15:43:00,106.0,26.0,80.0,cippi03,PGQVY99V,3936.0
2018-03-20 15:43:00,0.0,-80.0,80.0,prince,9C9VJLJC,3921.0
2018-03-20 15:43:00,280.0,80.0,200.0,Karma,2QJU2YY92,3908.0
2018-03-20 15:43:00,126.0,6.0,120.0,Red,2CPR9L20,3904.0
2018-03-20 15:43:00,180.0,20.0,160.0,Daddorix,RRJPLUVU,3877.0
2018-03-20 15:43:00,116.0,-4.0,120.0,macomaco,UJP8LVUL,3868.0
2018-03-20 15:43:00,66.0,-94.0,160.0,siraxl,RR0RUV,3866.0
2018-03-20 15:43:00,49.0,-111.0,160.0,$imone04,PCGG9QLG,3809.0
2018-03-20 15:43:00,230.0,110.0,120.0,Lord Albert,2QPCJ9CV9,3808.0
2018-03-20 15:43:00,37.0,-43.0,80.0,Porkys,LVGP9Q9G,3803.0
2018-03-20 15:43:00,50.0,50.0,0.0,ValeBuongio,CVJVVRU2,3784.0
2018-03-20 15:43:00,180.0,60.0,120.0,Slang,JGR8Q9U,3758.0
2018-03-20 15:43:00,81.0,-79.0,160.0,ciupi,ULGLPPP9,3753.0
2018-03-20 15:43:00,84.0,-76.0,160.0,hdd Crew,J892LVVU,3744.0
2018-03-21 23:28:00,504.0,304.0,200.0,Shiuvan,22GQPCJJP,4664.0
2018-03-21 23:28:00,456.0,176.0,280.0,Nakakata,8G2JCQ0Q2,4544.0
2018-03-21 23:28:00,366.0,14.0,352.0,Adrypok,20RVR029R,4530.0
2018-03-21 23:28:00,711.0,351.0,360.0,TheSonicSliver,9LG8QV2G,4416.0
2018-03-21 23:28:00,294.0,54.0,240.0,Asgarabaddad,PQ0LL9Y2,4379.0
2018-03-21 23:28:00,122.0,-118.0,240.0,AndreQuadros,2P92YJC,4352.0
2018-03-21 23:28:00,429.0,69.0,360.0,Xernakam,Y2UV98Y0,4348.0
2018-03-21 23:28:00,140.0,-94.0,234.0,eiirp,GU8YYUPL,4325.0
2018-03-21 23:28:00,480.0,80.0,400.0,Skoy,8RLVV20PY,4312.0
2018-03-21 23:28:00,101.0,-179.0,280.0,Oliver,99888JG,4286.0
2018-03-21 23:28:00,286.0,-74.0,360.0,dani11cali,9JUUVUL2,4237.0
2018-03-21 23:28:00,196.0,-154.0,350.0,El Mariachi,RUJL8R9Y,4237.0
2018-03-21 23:28:00,597.0,237.0,360.0,Eisenheim,80QQVCQ8G,4232.0
2018-03-21 23:28:00,144.0,-96.0,240.0,Carlucciello,J0JV0C8,4210.0
2018-03-21 23:28:00,36.0,-44.0,80.0,Raf ó Pipistrel,PQ2LULU,4205.0
2018-03-21 23:28:00,238.0,-42.0,280.0,maurito,2V98CPRV,4157.0
2018-03-21 23:28:00,235.0,-45.0,280.0,moonknight1402,LC2JPCQ,4101.0
2018-03-21 23:28:00,252.0,12.0,240.0,.:*AduVaN4Ik*:.,2PYJLLCU,4100.0
2018-03-21 23:28:00,172.0,12.0,160.0,Massi,2Q90G92R,4091.0
2018-03-21 23:28:00,403.0,107.0,296.0,Rixy,LGV2GR0P,4073.0
2018-03-21 23:28:00,88.0,-72.0,160.0,cartero,LQ2U2V2Y,4066.0
2018-03-21 23:28:00,332.0,-28.0,360.0,antonio,URG2UJJ2,4055.0
2018-03-21 23:28:00,205.0,5.0,200.0,ninonà,LJ2P2UJQ,4038.0
2018-03-21 23:28:00,46.0,6.0,40.0,AndiGarcia,PCLR990U,4005.0
2018-03-21 23:28:00,0.0,-40.0,40.0,josue10,Y8CGR9Y9,4005.0
2018-03-21 23:28:00,212.0,-28.0,240.0,PEKKATORE,89YRQ9R0P,4003.0
2018-03-21 23:28:00,255.0,15.0,240.0,macomaco,UJP8LVUL,3984.0
2018-03-21 23:28:00,24.0,-96.0,120.0,Ivan,CGP89PV0,3977.0
2018-03-21 23:28:00,416.0,136.0,280.0,sally snow,LR82Q9C9,3970.0
2018-03-21 23:28:00,70.0,-50.0,120.0,TopAngy,JCPYJLVG,3960.0
2018-03-21 23:28:00,145.0,-95.0,240.0,Porkys,LVGP9Q9G,3947.0
2018-03-21 23:28:00,228.0,-12.0,240.0,peppebusa,L0800PY9,3943.0
2018-03-21 23:28:00,62.0,-58.0,120.0,JoWood,2CGJVY0Q,3937.0
2018-03-21 23:28:00,140.0,20.0,120.0,cippi03,PGQVY99V,3936.0
2018-03-21 23:28:00,296.0,-24.0,320.0,sydmirror,82UUP9QLR,3930.0
2018-03-21 23:28:00,0.0,-80.0,80.0,prince,9C9VJLJC,3921.0
2018-03-21 23:28:00,231.0,-9.0,240.0,Red,2CPR9L20,3904.0
2018-03-21 23:28:00,395.0,115.0,280.0,Lord Albert,2QPCJ9CV9,3902.0
2018-03-21 23:28:00,0.0,0.0,0.0,SCANDALOSA,20UGP2P0Q,3883.0
2018-03-21 23:28:00,142.0,-138.0,280.0,ciupi,ULGLPPP9,3879.0
2018-03-21 23:28:00,162.0,-118.0,280.0,siraxl,RR0RUV,3866.0
2018-03-21 23:28:00,416.0,96.0,320.0,Karma,2QJU2YY92,3853.0
2018-03-21 23:28:00,141.0,-179.0,320.0,hdd Crew,J892LVVU,3843.0
2018-03-21 23:28:00,92.0,52.0,40.0,ValeBuongio,CVJVVRU2,3839.0
2018-03-21 23:28:00,401.0,41.0,360.0,Daddorix,RRJPLUVU,3829.0
2018-03-21 23:28:00,73.0,-167.0,240.0,$imone04,PCGG9QLG,3809.0
2018-03-21 23:28:00,232.0,32.0,200.0,Slang,JGR8Q9U,3763.0
2018-03-22 14:09:00,626.0,386.0,240.0,Shiuvan,22GQPCJJP,4811.0
2018-03-22 14:09:00,492.0,92.0,400.0,Adrypok,20RVR029R,4532.0
2018-03-22 14:09:00,791.0,351.0,440.0,TheSonicSliver,9LG8QV2G,4416.0
2018-03-22 14:09:00,370.0,90.0,280.0,Asgarabaddad,PQ0LL9Y2,4378.0
2018-03-22 14:09:00,477.0,77.0,400.0,Xernakam,Y2UV98Y0,4377.0
2018-03-22 14:09:00,484.0,164.0,320.0,Nakakata,8G2JCQ0Q2,4376.0
2018-03-22 14:09:00,160.0,-120.0,280.0,eiirp,GU8YYUPL,4325.0
2018-03-22 14:09:00,101.0,-219.0,320.0,Oliver,99888JG,4286.0
2018-03-22 14:09:00,344.0,-96.0,440.0,dani11cali,9JUUVUL2,4271.0
2018-03-22 14:09:00,691.0,291.0,400.0,Eisenheim,80QQVCQ8G,4261.0
2018-03-22 14:09:00,36.0,-44.0,80.0,Raf ó Pipistrel,PQ2LULU,4205.0
2018-03-22 14:09:00,581.0,141.0,440.0,Skoy,8RLVV20PY,4200.0
2018-03-22 14:09:00,154.0,-126.0,280.0,Carlucciello,J0JV0C8,4181.0
2018-03-22 14:09:00,232.0,-208.0,440.0,El Mariachi,RUJL8R9Y,4179.0
2018-03-22 14:09:00,130.0,-150.0,280.0,AndreQuadros,2P92YJC,4166.0
2018-03-22 14:09:00,294.0,14.0,280.0,.:*AduVaN4Ik*:.,2PYJLLCU,4163.0
2018-03-22 14:09:00,322.0,-38.0,360.0,maurito,2V98CPRV,4153.0
2018-03-22 14:09:00,255.0,-65.0,320.0,moonknight1402,LC2JPCQ,4132.0
2018-03-22 14:09:00,172.0,12.0,160.0,Massi,2Q90G92R,4091.0
2018-03-22 14:09:00,449.0,89.0,360.0,Rixy,LGV2GR0P,4084.0
2018-03-22 14:09:00,146.0,-54.0,200.0,cartero,LQ2U2V2Y,4066.0
2018-03-22 14:09:00,396.0,-44.0,440.0,antonio,URG2UJJ2,4055.0
2018-03-22 14:09:00,279.0,-1.0,280.0,ninonà,LJ2P2UJQ,4008.0
2018-03-22 14:09:00,46.0,6.0,40.0,AndiGarcia,PCLR990U,4005.0
2018-03-22 14:09:00,617.0,177.0,440.0,Karma,2QJU2YY92,3999.0
2018-03-22 14:09:00,102.0,-58.0,160.0,JoWood,2CGJVY0Q,3997.0
2018-03-22 14:09:00,334.0,-66.0,400.0,sydmirror,82UUP9QLR,3993.0
2018-03-22 14:09:00,32.0,-128.0,160.0,Ivan,CGP89PV0,3976.0
2018-03-22 14:09:00,492.0,172.0,320.0,sally snow,LR82Q9C9,3970.0
2018-03-22 14:09:00,70.0,-50.0,120.0,TopAngy,JCPYJLVG,3960.0
2018-03-22 14:09:00,255.0,15.0,240.0,macomaco,UJP8LVUL,3954.0
2018-03-22 14:09:00,179.0,-141.0,320.0,Porkys,LVGP9Q9G,3947.0
2018-03-22 14:09:00,305.0,25.0,280.0,Red,2CPR9L20,3932.0
2018-03-22 14:09:00,0.0,-80.0,80.0,prince,9C9VJLJC,3921.0
2018-03-22 14:09:00,212.0,-68.0,280.0,PEKKATORE,89YRQ9R0P,3918.0
2018-03-22 14:09:00,28.0,-12.0,40.0,SCANDALOSA,20UGP2P0Q,3913.0
2018-03-22 14:09:00,204.0,44.0,160.0,cippi03,PGQVY99V,3905.0
2018-03-22 14:09:00,463.0,143.0,320.0,Lord Albert,2QPCJ9CV9,3902.0
2018-03-22 14:09:00,278.0,-2.0,280.0,peppebusa,L0800PY9,3891.0
2018-03-22 14:09:00,142.0,-138.0,280.0,ciupi,ULGLPPP9,3879.0
2018-03-22 14:09:00,182.0,-138.0,320.0,siraxl,RR0RUV,3866.0
2018-03-22 14:09:00,141.0,-179.0,320.0,hdd Crew,J892LVVU,3843.0
2018-03-22 14:09:00,449.0,49.0,400.0,Daddorix,RRJPLUVU,3830.0
2018-03-22 14:09:00,240.0,0.0,240.0,Slang,JGR8Q9U,3817.0
2018-03-22 14:09:00,148.0,68.0,80.0,ValeBuongio,CVJVVRU2,3811.0
2018-03-22 14:09:00,73.0,-207.0,280.0,$imone04,PCGG9QLG,3809.0
2018-03-22 16:55:09,708.0,428.0,280.0,Shiuvan,22GQPCJJP,4753.0
2018-03-22 16:55:09,540.0,100.0,440.0,Adrypok,20RVR029R,4532.0
2018-03-22 16:55:09,801.0,361.0,440.0,TheSonicSliver,9LG8QV2G,4416.0
2018-03-22 16:55:09,417.0,97.0,320.0,Asgarabaddad,PQ0LL9Y2,4378.0
2018-03-22 16:55:09,504.0,144.0,360.0,Nakakata,8G2JCQ0Q2,4376.0
2018-03-22 16:55:09,495.0,55.0,440.0,Xernakam,Y2UV98Y0,4349.0
2018-03-22 16:55:09,160.0,-120.0,280.0,eiirp,GU8YYUPL,4325.0
2018-03-22 16:55:09,101.0,-219.0,320.0,Oliver,99888JG,4286.0
2018-03-22 16:55:09,392.0,-48.0,440.0,dani11cali,9JUUVUL2,4271.0
2018-03-22 16:55:09,729.0,289.0,440.0,Eisenheim,80QQVCQ8G,4230.0
2018-03-22 16:55:09,36.0,-44.0,80.0,Raf ó Pipistrel,PQ2LULU,4205.0
2018-03-22 16:55:09,581.0,101.0,480.0,Skoy,8RLVV20PY,4196.0
2018-03-22 16:55:09,154.0,-126.0,280.0,Carlucciello,J0JV0C8,4181.0
2018-03-22 16:55:09,232.0,-208.0,440.0,El Mariachi,RUJL8R9Y,4179.0
2018-03-22 16:55:09,130.0,-150.0,280.0,AndreQuadros,2P92YJC,4166.0
2018-03-22 16:55:09,294.0,14.0,280.0,.:*AduVaN4Ik*:.,2PYJLLCU,4163.0
2018-03-22 16:55:09,322.0,-38.0,360.0,maurito,2V98CPRV,4153.0
2018-03-22 16:55:09,265.0,-95.0,360.0,moonknight1402,LC2JPCQ,4132.0
2018-03-22 16:55:09,457.0,89.0,368.0,Rixy,LGV2GR0P,4113.0
2018-03-22 16:55:09,172.0,12.0,160.0,Massi,2Q90G92R,4091.0
2018-03-22 16:55:09,146.0,-54.0,200.0,cartero,LQ2U2V2Y,4066.0
2018-03-22 16:55:09,416.0,-24.0,440.0,antonio,URG2UJJ2,4055.0
2018-03-22 16:55:09,362.0,-70.0,432.0,sydmirror,82UUP9QLR,4024.0
2018-03-22 16:55:09,222.0,-58.0,280.0,PEKKATORE,89YRQ9R0P,4010.0
2018-03-22 16:55:09,279.0,-1.0,280.0,ninonà,LJ2P2UJQ,4008.0
2018-03-22 16:55:09,46.0,6.0,40.0,AndiGarcia,PCLR990U,4005.0
2018-03-22 16:55:09,130.0,-30.0,160.0,JoWood,2CGJVY0Q,3997.0
2018-03-22 16:55:09,32.0,-128.0,160.0,Ivan,CGP89PV0,3976.0
2018-03-22 16:55:09,508.0,148.0,360.0,sally snow,LR82Q9C9,3970.0
2018-03-22 16:55:09,657.0,217.0,440.0,Karma,2QJU2YY92,3970.0
2018-03-22 16:55:09,90.0,-70.0,160.0,TopAngy,JCPYJLVG,3960.0
2018-03-22 16:55:09,323.0,3.0,320.0,Red,2CPR9L20,3960.0
2018-03-22 16:55:09,255.0,15.0,240.0,macomaco,UJP8LVUL,3954.0
2018-03-22 16:55:09,179.0,-141.0,320.0,Porkys,LVGP9Q9G,3947.0
2018-03-22 16:55:09,0.0,-80.0,80.0,prince,9C9VJLJC,3921.0
2018-03-22 16:55:09,204.0,44.0,160.0,cippi03,PGQVY99V,3905.0
2018-03-22 16:55:09,278.0,-2.0,280.0,peppebusa,L0800PY9,3891.0
2018-03-22 16:55:09,78.0,-2.0,80.0,SCANDALOSA,20UGP2P0Q,3885.0
2018-03-22 16:55:09,143.0,-177.0,320.0,ciupi,ULGLPPP9,3879.0
2018-03-22 16:55:09,535.0,175.0,360.0,Lord Albert,2QPCJ9CV9,3872.0
2018-03-22 16:55:09,182.0,-138.0,320.0,siraxl,RR0RUV,3866.0
2018-03-22 16:55:09,141.0,-179.0,320.0,hdd Crew,J892LVVU,3843.0
2018-03-22 16:55:09,459.0,19.0,440.0,Daddorix,RRJPLUVU,3830.0
2018-03-22 16:55:09,240.0,0.0,240.0,Slang,JGR8Q9U,3817.0
2018-03-22 16:55:09,186.0,66.0,120.0,ValeBuongio,CVJVVRU2,3811.0
2018-03-22 16:55:09,73.0,-207.0,280.0,$imone04,PCGG9QLG,3809.0
2018-03-24 23:40:40,1020.0,580.0,440.0,Shiuvan,22GQPCJJP,4658.0
2018-03-24 23:40:40,1255.0,535.0,720.0,TheSonicSliver,9LG8QV2G,4416.0
2018-03-24 23:40:40,707.0,147.0,560.0,Asgarabaddad,PQ0LL9Y2,4408.0
2018-03-24 23:40:40,1074.0,354.0,720.0,Eisenheim,80QQVCQ8G,4406.0
2018-03-24 23:40:40,272.0,-248.0,520.0,Carlucciello,J0JV0C8,4387.0
2018-03-24 23:40:40,1032.0,312.0,720.0,Adrypok,20RVR029R,4361.0
2018-03-24 23:40:40,725.0,5.0,720.0,Xernakam,Y2UV98Y0,4354.0
2018-03-24 23:40:40,311.0,-209.0,520.0,Oliver,99888JG,4312.0
2018-03-24 23:40:40,324.0,-196.0,520.0,eiirp,GU8YYUPL,4293.0
2018-03-24 23:40:40,820.0,260.0,560.0,Nakakata,8G2JCQ0Q2,4288.0
2018-03-24 23:40:40,546.0,-134.0,680.0,dani11cali,9JUUVUL2,4243.0
2018-03-24 23:40:40,368.0,-112.0,480.0,PEKKATORE,89YRQ9R0P,4214.0
2018-03-24 23:40:40,110.0,-250.0,360.0,Ivan,CGP89PV0,4212.0
2018-03-24 23:40:40,110.0,-90.0,200.0,Raf ó Pipistrel,PQ2LULU,4203.0
2018-03-24 23:40:40,620.0,20.0,600.0,Rixy,LGV2GR0P,4170.0
2018-03-24 23:40:40,342.0,-138.0,480.0,.:*AduVaN4Ik*:.,2PYJLLCU,4153.0
2018-03-24 23:40:40,464.0,-216.0,680.0,El Mariachi,RUJL8R9Y,4142.0
2018-03-24 23:40:40,409.0,-191.0,600.0,moonknight1402,LC2JPCQ,4128.0
2018-03-24 23:40:40,374.0,54.0,320.0,Massi,2Q90G92R,4117.0
2018-03-24 23:40:40,198.0,-202.0,400.0,AndreQuadros,2P92YJC,4108.0
2018-03-24 23:40:40,475.0,-45.0,520.0,ninonà,LJ2P2UJQ,4095.0
2018-03-24 23:40:40,202.0,-78.0,280.0,cartero,LQ2U2V2Y,4066.0
2018-03-24 23:40:40,636.0,-4.0,640.0,maurito,2V98CPRV,4058.0
2018-03-24 23:40:40,546.0,-174.0,720.0,antonio,URG2UJJ2,4055.0
2018-03-24 23:40:40,512.0,-8.0,520.0,peppebusa,L0800PY9,4043.0
2018-03-24 23:40:40,526.0,86.0,440.0,macomaco,UJP8LVUL,4017.0
2018-03-24 23:40:40,166.0,46.0,120.0,AndiGarcia,PCLR990U,4005.0
2018-03-24 23:40:40,222.0,-18.0,240.0,JoWood,2CGJVY0Q,4002.0
2018-03-24 23:40:40,658.0,-22.0,680.0,sydmirror,82UUP9QLR,4002.0
2018-03-24 23:40:40,857.0,257.0,600.0,sally snow,LR82Q9C9,4001.0
2018-03-24 23:40:40,913.0,163.0,750.0,Skoy,8RLVV20PY,3992.0
2018-03-24 23:40:40,176.0,-104.0,280.0,TopAngy,JCPYJLVG,3965.0
2018-03-24 23:40:40,598.0,38.0,560.0,Red,2CPR9L20,3960.0
2018-03-24 23:40:40,520.0,0.0,520.0,Porkys,LVGP9Q9G,3947.0
2018-03-24 23:40:40,104.0,-56.0,160.0,SCANDALOSA,20UGP2P0Q,3945.0
2018-03-24 23:40:40,1093.0,413.0,680.0,Karma,2QJU2YY92,3941.0
2018-03-24 23:40:40,821.0,261.0,560.0,Lord Albert,2QPCJ9CV9,3872.0
2018-03-24 23:40:40,336.0,-144.0,480.0,siraxl,RR0RUV,3866.0
2018-03-24 23:40:40,392.0,-8.0,400.0,Slang,JGR8Q9U,3847.0
2018-03-24 23:40:40,330.0,50.0,280.0,cippi03,PGQVY99V,3843.0
2018-03-24 23:40:40,641.0,-39.0,680.0,Daddorix,RRJPLUVU,3827.0
2018-03-24 23:40:40,196.0,-284.0,480.0,hdd Crew,J892LVVU,3826.0
2018-03-24 23:40:40,203.0,-277.0,480.0,$imone04,PCGG9QLG,3780.0
2018-03-24 23:40:40,201.0,-319.0,520.0,ciupi,ULGLPPP9,3740.0
2018-03-24 23:40:40,349.0,109.0,240.0,ValeBuongio,CVJVVRU2,3722.0
