,date,donations,donationsDelta,donationsReceived,name,tag,trophies,donations_shifted,dailyDonationPerc,dailyDonation
0,2018-03-19 15:15:00,123,43,80,Adrypok,20RVR029R,4527,0.0,47.30769230769231,123.0
1,2018-03-19 15:15:00,46,6,40,Shiuvan,22GQPCJJP,4475,0.0,17.692307692307693,46.0
2,2018-03-19 15:15:00,130,50,80,TheSonicSliver,9LG8QV2G,4410,0.0,50.0,130.0
3,2018-03-19 15:15:00,260,180,80,Nakakata,8G2JCQ0Q2,4382,0.0,100.0,260.0
4,2018-03-19 15:15:00,18,-22,40,Oliver,99888JG,4320,0.0,6.923076923076923,18.0
5,2018-03-19 15:15:00,45,-35,80,Xernakam,Y2UV98Y0,4314,0.0,17.307692307692307,45.0
6,2018-03-19 15:15:00,110,30,80,Eisenheim,80QQVCQ8G,4307,0.0,42.30769230769231,110.0
7,2018-03-19 15:15:00,34,-46,80,AndreQuadros,2P92YJC,4294,0.0,13.076923076923078,34.0
8,2018-03-19 15:15:00,67,-13,80,Asgarabaddad,PQ0LL9Y2,4261,0.0,25.769230769230766,67.0
9,2018-03-19 15:15:00,80,-10,90,Skoy,8RLVV20PY,4255,0.0,30.76923076923077,80.0
10,2018-03-19 15:15:00,142,62,80,mitch,GUG2QYPY,4248,0.0,54.61538461538461,142.0
11,2018-03-19 15:15:00,48,8,40,Carlucciello,J0JV0C8,4241,0.0,18.461538461538463,48.0
12,2018-03-19 15:15:00,78,38,40,pacheko,UYC0QU8,4227,0.0,30.0,78.0
13,2018-03-19 15:15:00,0,0,0,Raf ó Pipistrel,PQ2LULU,4210,0.0,0.0,0.0
14,2018-03-19 15:15:00,46,-34,80,El Mariachi,RUJL8R9Y,4183,0.0,17.692307692307693,46.0
15,2018-03-19 15:15:00,81,2,79,Rixy,LGV2GR0P,4133,0.0,31.153846153846153,81.0
16,2018-03-19 15:15:00,0,0,0,eiirp,GU8YYUPL,4086,0.0,0.0,0.0
17,2018-03-19 15:15:00,20,-20,40,PEKKATORE,89YRQ9R0P,4069,0.0,7.6923076923076925,20.0
18,2018-03-19 15:15:00,68,28,40,.:*AduVaN4Ik*:.,2PYJLLCU,4067,0.0,26.153846153846157,68.0
19,2018-03-19 15:15:00,70,-10,80,maurito,2V98CPRV,4066,0.0,26.923076923076923,70.0
20,2018-03-19 15:15:00,26,-14,40,cartero,LQ2U2V2Y,4066,0.0,10.0,26.0
21,2018-03-19 15:15:00,0,0,0,Massi,2Q90G92R,4065,0.0,0.0,0.0
22,2018-03-19 15:15:00,54,-26,80,dani11cali,9JUUVUL2,4058,0.0,20.76923076923077,54.0
23,2018-03-19 15:15:00,30,-10,40,peppebusa,L0800PY9,4055,0.0,11.538461538461538,30.0
24,2018-03-19 15:15:00,24,-16,40,macomaco,UJP8LVUL,4041,0.0,9.230769230769232,24.0
25,2018-03-19 15:15:00,116,36,80,moonknight1402,LC2JPCQ,4040,0.0,44.61538461538462,116.0
26,2018-03-19 15:15:00,54,-26,80,antonio,URG2UJJ2,4028,0.0,20.76923076923077,54.0
27,2018-03-19 15:15:00,10,-30,40,TopAngy,JCPYJLVG,4022,0.0,3.8461538461538463,10.0
28,2018-03-19 15:15:00,48,-32,80,sydmirror,82UUP9QLR,3990,0.0,18.461538461538463,48.0
29,2018-03-19 15:15:00,68,-12,80,ninonà,LJ2P2UJQ,3978,0.0,26.153846153846157,68.0
30,2018-03-19 15:15:00,0,0,0,AndiGarcia,PCLR990U,3974,0.0,0.0,0.0
31,2018-03-19 15:15:00,0,-40,40,Ivan,CGP89PV0,3973,0.0,0.0,0.0
32,2018-03-19 15:15:00,62,22,40,sally snow,LR82Q9C9,3970,0.0,23.846153846153847,62.0
33,2018-03-19 15:15:00,77,-3,80,Karma,2QJU2YY92,3960,0.0,29.615384615384617,77.0
34,2018-03-19 15:15:00,90,50,40,cippi03,PGQVY99V,3936,0.0,34.61538461538461,90.0
35,2018-03-19 15:15:00,0,0,0,prince,9C9VJLJC,3921,0.0,0.0,0.0
36,2018-03-19 15:15:00,0,-40,40,JoWood,2CGJVY0Q,3907,0.0,0.0,0.0
37,2018-03-19 15:15:00,40,0,40,Red,2CPR9L20,3904,0.0,15.384615384615385,40.0
38,2018-03-19 15:15:00,18,-62,80,siraxl,RR0RUV,3866,0.0,6.923076923076923,18.0
39,2018-03-19 15:15:00,36,-4,40,Daddorix,RRJPLUVU,3846,0.0,13.846153846153847,36.0
40,2018-03-19 15:15:00,11,-69,80,$imone04,PCGG9QLG,3837,0.0,4.230769230769231,11.0
41,2018-03-19 15:15:00,0,0,0,Porkys,LVGP9Q9G,3803,0.0,0.0,0.0
42,2018-03-19 15:15:00,36,-44,80,hdd Crew,J892LVVU,3793,0.0,13.846153846153847,36.0
43,2018-03-19 15:15:00,102,62,40,Lord Albert,2QPCJ9CV9,3775,0.0,39.23076923076923,102.0
44,2018-03-19 15:15:00,25,-15,40,ciupi,ULGLPPP9,3752,0.0,9.615384615384617,25.0
45,2018-03-19 15:15:00,56,16,40,Slang,JGR8Q9U,3695,0.0,21.53846153846154,56.0
46,2018-03-19 15:15:00,0,0,0,ramelotto,2PQVUC0PV,3671,0.0,0.0,0.0
47,2018-03-19 15:17:00,123,43,80,Adrypok,20RVR029R,4527,123.0,0.0,0.0
48,2018-03-19 15:17:00,46,6,40,Shiuvan,22GQPCJJP,4475,46.0,0.0,0.0
49,2018-03-19 15:17:00,130,50,80,TheSonicSliver,9LG8QV2G,4410,130.0,0.0,0.0
50,2018-03-19 15:17:00,260,180,80,Nakakata,8G2JCQ0Q2,4382,260.0,0.0,0.0
51,2018-03-19 15:17:00,18,-22,40,Oliver,99888JG,4320,18.0,0.0,0.0
52,2018-03-19 15:17:00,45,-35,80,Xernakam,Y2UV98Y0,4314,45.0,0.0,0.0
53,2018-03-19 15:17:00,110,30,80,Eisenheim,80QQVCQ8G,4307,110.0,0.0,0.0
54,2018-03-19 15:17:00,34,-46,80,AndreQuadros,2P92YJC,4294,34.0,0.0,0.0
55,2018-03-19 15:17:00,67,-13,80,Asgarabaddad,PQ0LL9Y2,4261,67.0,0.0,0.0
56,2018-03-19 15:17:00,80,-10,90,Skoy,8RLVV20PY,4255,80.0,0.0,0.0
57,2018-03-19 15:17:00,142,62,80,mitch,GUG2QYPY,4248,142.0,0.0,0.0
58,2018-03-19 15:17:00,48,8,40,Carlucciello,J0JV0C8,4241,48.0,0.0,0.0
59,2018-03-19 15:17:00,78,38,40,pacheko,UYC0QU8,4227,78.0,0.0,0.0
60,2018-03-19 15:17:00,0,0,0,Raf ó Pipistrel,PQ2LULU,4210,0.0,0.0,0.0
61,2018-03-19 15:17:00,46,-34,80,El Mariachi,RUJL8R9Y,4183,46.0,0.0,0.0
62,2018-03-19 15:17:00,81,2,79,Rixy,LGV2GR0P,4133,81.0,0.0,0.0
63,2018-03-19 15:17:00,0,0,0,eiirp,GU8YYUPL,4086,0.0,0.0,0.0
64,2018-03-19 15:17:00,20,-20,40,PEKKATORE,89YRQ9R0P,4069,20.0,0.0,0.0
65,2018-03-19 15:17:00,68,28,40,.:*AduVaN4Ik*:.,2PYJLLCU,4067,68.0,0.0,0.0
66,2018-03-19 15:17:00,70,-10,80,maurito,2V98CPRV,4066,70.0,0.0,0.0
67,2018-03-19 15:17:00,26,-14,40,cartero,LQ2U2V2Y,4066,26.0,0.0,0.0
68,2018-03-19 15:17:00,0,0,0,Massi,2Q90G92R,4065,0.0,0.0,0.0
69,2018-03-19 15:17:00,54,-26,80,dani11cali,9JUUVUL2,4058,54.0,0.0,0.0
70,2018-03-19 15:17:00,30,-10,40,peppebusa,L0800PY9,4055,30.0,0.0,0.0
71,2018-03-19 15:17:00,24,-16,40,macomaco,UJP8LVUL,4041,24.0,0.0,0.0
72,2018-03-19 15:17:00,116,36,80,moonknight1402,LC2JPCQ,4040,116.0,0.0,0.0
73,2018-03-19 15:17:00,54,-26,80,antonio,URG2UJJ2,4028,54.0,0.0,0.0
74,2018-03-19 15:17:00,10,-30,40,TopAngy,JCPYJLVG,4022,10.0,0.0,0.0
75,2018-03-19 15:17:00,48,-32,80,sydmirror,82UUP9QLR,3990,48.0,0.0,0.0
76,2018-03-19 15:17:00,68,-12,80,ninonà,LJ2P2UJQ,3978,68.0,0.0,0.0
77,2018-03-19 15:17:00,0,0,0,AndiGarcia,PCLR990U,3974,0.0,0.0,0.0
78,2018-03-19 15:17:00,0,-40,40,Ivan,CGP89PV0,3973,0.0,0.0,0.0
79,2018-03-19 15:17:00,62,22,40,sally snow,LR82Q9C9,3970,62.0,0.0,0.0
80,2018-03-19 15:17:00,77,-3,80,Karma,2QJU2YY92,3960,77.0,0.0,0.0
81,2018-03-19 15:17:00,90,50,40,cippi03,PGQVY99V,3936,90.0,0.0,0.0
82,2018-03-19 15:17:00,0,0,0,prince,9C9VJLJC,3921,0.0,0.0,0.0
83,2018-03-19 15:17:00,0,-40,40,JoWood,2CGJVY0Q,3907,0.0,0.0,0.0
84,2018-03-19 15:17:00,40,0,40,Red,2CPR9L20,3904,40.0,0.0,0.0
85,2018-03-19 15:17:00,18,-62,80,siraxl,RR0RUV,3866,18.0,0.0,0.0
86,2018-03-19 15:17:00,36,-4,40,Daddorix,RRJPLUVU,3846,36.0,0.0,0.0
87,2018-03-19 15:17:00,11,-69,80,$imone04,PCGG9QLG,3837,11.0,0.0,0.0
88,2018-03-19 15:17:00,0,0,0,Porkys,LVGP9Q9G,3803,0.0,0.0,0.0
89,2018-03-19 15:17:00,36,-44,80,hdd Crew,J892LVVU,3793,36.0,0.0,0.0
90,2018-03-19 15:17:00,102,62,40,Lord Albert,2QPCJ9CV9,3775,102.0,0.0,0.0
91,2018-03-19 15:17:00,25,-15,40,ciupi,ULGLPPP9,3752,25.0,0.0,0.0
92,2018-03-19 15:17:00,56,16,40,Slang,JGR8Q9U,3695,56.0,0.0,0.0
93,2018-03-19 15:17:00,0,0,0,ramelotto,2PQVUC0PV,3671,0.0,0.0,0.0
94,2018-03-19 15:18:00,123,43,80,Adrypok,20RVR029R,4527,123.0,0.0,0.0
95,2018-03-19 15:18:00,46,6,40,Shiuvan,22GQPCJJP,4475,46.0,0.0,0.0
96,2018-03-19 15:18:00,130,50,80,TheSonicSliver,9LG8QV2G,4410,130.0,0.0,0.0
97,2018-03-19 15:18:00,260,180,80,Nakakata,8G2JCQ0Q2,4382,260.0,0.0,0.0
98,2018-03-19 15:18:00,18,-22,40,Oliver,99888JG,4320,18.0,0.0,0.0
99,2018-03-19 15:18:00,45,-35,80,Xernakam,Y2UV98Y0,4314,45.0,0.0,0.0
100,2018-03-19 15:18:00,110,30,80,Eisenheim,80QQVCQ8G,4307,110.0,0.0,0.0
101,2018-03-19 15:18:00,34,-46,80,AndreQuadros,2P92YJC,4294,34.0,0.0,0.0
102,2018-03-19 15:18:00,67,-13,80,Asgarabaddad,PQ0LL9Y2,4261,67.0,0.0,0.0
103,2018-03-19 15:18:00,80,-20,100,Skoy,8RLVV20PY,4255,80.0,0.0,0.0
104,2018-03-19 15:18:00,142,62,80,mitch,GUG2QYPY,4248,142.0,0.0,0.0
105,2018-03-19 15:18:00,48,8,40,Carlucciello,J0JV0C8,4241,48.0,0.0,0.0
106,2018-03-19 15:18:00,78,38,40,pacheko,UYC0QU8,4227,78.0,0.0,0.0
107,2018-03-19 15:18:00,0,0,0,Raf ó Pipistrel,PQ2LULU,4210,0.0,0.0,0.0
108,2018-03-19 15:18:00,46,-34,80,El Mariachi,RUJL8R9Y,4183,46.0,0.0,0.0
109,2018-03-19 15:18:00,81,1,80,Rixy,LGV2GR0P,4133,81.0,0.0,0.0
110,2018-03-19 15:18:00,0,0,0,eiirp,GU8YYUPL,4086,0.0,0.0,0.0
111,2018-03-19 15:18:00,20,-20,40,PEKKATORE,89YRQ9R0P,4069,20.0,0.0,0.0
112,2018-03-19 15:18:00,68,28,40,.:*AduVaN4Ik*:.,2PYJLLCU,4067,68.0,0.0,0.0
113,2018-03-19 15:18:00,70,-10,80,maurito,2V98CPRV,4066,70.0,0.0,0.0
114,2018-03-19 15:18:00,26,-14,40,cartero,LQ2U2V2Y,4066,26.0,0.0,0.0
115,2018-03-19 15:18:00,0,0,0,Massi,2Q90G92R,4065,0.0,0.0,0.0
116,2018-03-19 15:18:00,54,-26,80,dani11cali,9JUUVUL2,4058,54.0,0.0,0.0
117,2018-03-19 15:18:00,30,-10,40,peppebusa,L0800PY9,4055,30.0,0.0,0.0
118,2018-03-19 15:18:00,24,-16,40,macomaco,UJP8LVUL,4041,24.0,0.0,0.0
119,2018-03-19 15:18:00,116,36,80,moonknight1402,LC2JPCQ,4040,116.0,0.0,0.0
120,2018-03-19 15:18:00,54,-26,80,antonio,URG2UJJ2,4028,54.0,0.0,0.0
121,2018-03-19 15:18:00,10,-30,40,TopAngy,JCPYJLVG,4022,10.0,0.0,0.0
122,2018-03-19 15:18:00,48,-32,80,sydmirror,82UUP9QLR,3990,48.0,0.0,0.0
123,2018-03-19 15:18:00,68,-12,80,ninonà,LJ2P2UJQ,3978,68.0,0.0,0.0
124,2018-03-19 15:18:00,0,0,0,AndiGarcia,PCLR990U,3974,0.0,0.0,0.0
125,2018-03-19 15:18:00,0,-40,40,Ivan,CGP89PV0,3973,0.0,0.0,0.0
126,2018-03-19 15:18:00,73,33,40,sally snow,LR82Q9C9,3970,62.0,4.230769230769231,11.0
127,2018-03-19 15:18:00,77,-3,80,Karma,2QJU2YY92,3960,77.0,0.0,0.0
128,2018-03-19 15:18:00,90,50,40,cippi03,PGQVY99V,3936,90.0,0.0,0.0
129,2018-03-19 15:18:00,0,0,0,prince,9C9VJLJC,3921,0.0,0.0,0.0
130,2018-03-19 15:18:00,0,-40,40,JoWood,2CGJVY0Q,3907,0.0,0.0,0.0
131,2018-03-19 15:18:00,40,0,40,Red,2CPR9L20,3904,40.0,0.0,0.0
132,2018-03-19 15:18:00,18,-62,80,siraxl,RR0RUV,3866,18.0,0.0,0.0
133,2018-03-19 15:18:00,36,-4,40,Daddorix,RRJPLUVU,3846,36.0,0.0,0.0
134,2018-03-19 15:18:00,11,-69,80,$imone04,PCGG9QLG,3837,11.0,0.0,0.0
135,2018-03-19 15:18:00,102,62,40,Lord Albert,2QPCJ9CV9,3804,102.0,0.0,0.0
136,2018-03-19 15:18:00,0,0,0,Porkys,LVGP9Q9G,3803,0.0,0.0,0.0
137,2018-03-19 15:18:00,36,-44,80,hdd Crew,J892LVVU,3793,36.0,0.0,0.0
138,2018-03-19 15:18:00,25,-15,40,ciupi,ULGLPPP9,3752,25.0,0.0,0.0
139,2018-03-19 15:18:00,56,16,40,Slang,JGR8Q9U,3695,56.0,0.0,0.0
140,2018-03-19 15:18:00,0,0,0,ramelotto,2PQVUC0PV,3671,0.0,0.0,0.0
141,2018-03-19 15:27:00,123,43,80,Adrypok,20RVR029R,4527,123.0,0.0,0.0
142,2018-03-19 15:27:00,46,6,40,Shiuvan,22GQPCJJP,4475,46.0,0.0,0.0
143,2018-03-19 15:27:00,130,50,80,TheSonicSliver,9LG8QV2G,4410,130.0,0.0,0.0
144,2018-03-19 15:27:00,260,180,80,Nakakata,8G2JCQ0Q2,4382,260.0,0.0,0.0
145,2018-03-19 15:27:00,18,-22,40,Oliver,99888JG,4320,18.0,0.0,0.0
146,2018-03-19 15:27:00,45,-35,80,Xernakam,Y2UV98Y0,4314,45.0,0.0,0.0
147,2018-03-19 15:27:00,110,30,80,Eisenheim,80QQVCQ8G,4307,110.0,0.0,0.0
148,2018-03-19 15:27:00,152,72,80,mitch,GUG2QYPY,4307,142.0,3.8461538461538463,10.0
149,2018-03-19 15:27:00,34,-46,80,AndreQuadros,2P92YJC,4294,34.0,0.0,0.0
150,2018-03-19 15:27:00,67,-13,80,Asgarabaddad,PQ0LL9Y2,4261,67.0,0.0,0.0
151,2018-03-19 15:27:00,80,-30,110,Skoy,8RLVV20PY,4255,80.0,0.0,0.0
152,2018-03-19 15:27:00,48,8,40,Carlucciello,J0JV0C8,4241,48.0,0.0,0.0
153,2018-03-19 15:27:00,78,38,40,pacheko,UYC0QU8,4227,78.0,0.0,0.0
154,2018-03-19 15:27:00,0,0,0,Raf ó Pipistrel,PQ2LULU,4210,0.0,0.0,0.0
155,2018-03-19 15:27:00,46,-34,80,El Mariachi,RUJL8R9Y,4183,46.0,0.0,0.0
156,2018-03-19 15:27:00,81,1,80,Rixy,LGV2GR0P,4133,81.0,0.0,0.0
157,2018-03-19 15:27:00,0,0,0,eiirp,GU8YYUPL,4086,0.0,0.0,0.0
158,2018-03-19 15:27:00,20,-20,40,PEKKATORE,89YRQ9R0P,4069,20.0,0.0,0.0
159,2018-03-19 15:27:00,68,28,40,.:*AduVaN4Ik*:.,2PYJLLCU,4067,68.0,0.0,0.0
160,2018-03-19 15:27:00,70,-10,80,maurito,2V98CPRV,4066,70.0,0.0,0.0
161,2018-03-19 15:27:00,26,-14,40,cartero,LQ2U2V2Y,4066,26.0,0.0,0.0
162,2018-03-19 15:27:00,0,0,0,Massi,2Q90G92R,4065,0.0,0.0,0.0
163,2018-03-19 15:27:00,54,-26,80,dani11cali,9JUUVUL2,4058,54.0,0.0,0.0
164,2018-03-19 15:27:00,30,-10,40,peppebusa,L0800PY9,4055,30.0,0.0,0.0
165,2018-03-19 15:27:00,44,4,40,macomaco,UJP8LVUL,4041,24.0,7.6923076923076925,20.0
166,2018-03-19 15:27:00,116,36,80,moonknight1402,LC2JPCQ,4040,116.0,0.0,0.0
167,2018-03-19 15:27:00,54,-26,80,antonio,URG2UJJ2,4028,54.0,0.0,0.0
168,2018-03-19 15:27:00,10,-30,40,TopAngy,JCPYJLVG,4022,10.0,0.0,0.0
169,2018-03-19 15:27:00,48,-32,80,sydmirror,82UUP9QLR,3990,48.0,0.0,0.0
170,2018-03-19 15:27:00,68,-12,80,ninonà,LJ2P2UJQ,3978,68.0,0.0,0.0
171,2018-03-19 15:27:00,0,0,0,AndiGarcia,PCLR990U,3974,0.0,0.0,0.0
172,2018-03-19 15:27:00,0,-40,40,Ivan,CGP89PV0,3973,0.0,0.0,0.0
173,2018-03-19 15:27:00,73,13,60,sally snow,LR82Q9C9,3970,73.0,0.0,0.0
174,2018-03-19 15:27:00,77,-3,80,Karma,2QJU2YY92,3960,77.0,0.0,0.0
175,2018-03-19 15:27:00,90,50,40,cippi03,PGQVY99V,3936,90.0,0.0,0.0
176,2018-03-19 15:27:00,0,0,0,prince,9C9VJLJC,3921,0.0,0.0,0.0
177,2018-03-19 15:27:00,0,-40,40,JoWood,2CGJVY0Q,3907,0.0,0.0,0.0
178,2018-03-19 15:27:00,40,0,40,Red,2CPR9L20,3904,40.0,0.0,0.0
179,2018-03-19 15:27:00,46,6,40,Daddorix,RRJPLUVU,3877,36.0,3.8461538461538463,10.0
180,2018-03-19 15:27:00,18,-62,80,siraxl,RR0RUV,3866,18.0,0.0,0.0
181,2018-03-19 15:27:00,11,-69,80,$imone04,PCGG9QLG,3837,11.0,0.0,0.0
182,2018-03-19 15:27:00,102,52,50,Lord Albert,2QPCJ9CV9,3804,102.0,0.0,0.0
183,2018-03-19 15:27:00,0,0,0,Porkys,LVGP9Q9G,3803,0.0,0.0,0.0
184,2018-03-19 15:27:00,36,-44,80,hdd Crew,J892LVVU,3793,36.0,0.0,0.0
185,2018-03-19 15:27:00,25,-15,40,ciupi,ULGLPPP9,3752,25.0,0.0,0.0
186,2018-03-19 15:27:00,56,16,40,Slang,JGR8Q9U,3695,56.0,0.0,0.0
187,2018-03-19 15:27:00,0,0,0,ramelotto,2PQVUC0PV,3671,0.0,0.0,0.0
188,2018-03-19 18:04:00,123,43,80,Adrypok,20RVR029R,4527,123.0,0.0,0.0
189,2018-03-19 18:04:00,46,6,40,Shiuvan,22GQPCJJP,4475,46.0,0.0,0.0
190,2018-03-19 18:04:00,170,50,120,TheSonicSliver,9LG8QV2G,4410,130.0,15.384615384615385,40.0
191,2018-03-19 18:04:00,146,66,80,Eisenheim,80QQVCQ8G,4390,110.0,13.846153846153847,36.0
192,2018-03-19 18:04:00,296,216,80,Nakakata,8G2JCQ0Q2,4354,260.0,13.846153846153847,36.0
193,2018-03-19 18:04:00,26,-54,80,Oliver,99888JG,4320,18.0,3.076923076923077,8.0
194,2018-03-19 18:04:00,73,-7,80,Xernakam,Y2UV98Y0,4315,45.0,10.76923076923077,28.0
195,2018-03-19 18:04:00,34,-46,80,AndreQuadros,2P92YJC,4294,34.0,0.0,0.0
196,2018-03-19 18:04:00,67,-13,80,Asgarabaddad,PQ0LL9Y2,4261,67.0,0.0,0.0
197,2018-03-19 18:04:00,98,18,80,pacheko,UYC0QU8,4257,78.0,7.6923076923076925,20.0
198,2018-03-19 18:04:00,90,-30,120,Skoy,8RLVV20PY,4254,80.0,3.8461538461538463,10.0
199,2018-03-19 18:04:00,58,-22,80,Carlucciello,J0JV0C8,4241,48.0,3.8461538461538463,10.0
200,2018-03-19 18:04:00,168,80,88,mitch,GUG2QYPY,4193,152.0,6.153846153846154,16.0
201,2018-03-19 18:04:00,46,-34,80,El Mariachi,RUJL8R9Y,4183,46.0,0.0,0.0
202,2018-03-19 18:04:00,111,31,80,Rixy,LGV2GR0P,4133,81.0,11.538461538461538,30.0
203,2018-03-19 18:04:00,10,-30,40,Raf ó Pipistrel,PQ2LULU,4123,0.0,3.8461538461538463,10.0
204,2018-03-19 18:04:00,0,0,0,eiirp,GU8YYUPL,4086,0.0,0.0,0.0
205,2018-03-19 18:04:00,20,-20,40,PEKKATORE,89YRQ9R0P,4069,20.0,0.0,0.0
206,2018-03-19 18:04:00,68,28,40,.:*AduVaN4Ik*:.,2PYJLLCU,4067,68.0,0.0,0.0
207,2018-03-19 18:04:00,70,-10,80,maurito,2V98CPRV,4066,70.0,0.0,0.0
208,2018-03-19 18:04:00,26,-14,40,cartero,LQ2U2V2Y,4066,26.0,0.0,0.0
209,2018-03-19 18:04:00,0,0,0,Massi,2Q90G92R,4065,0.0,0.0,0.0
210,2018-03-19 18:04:00,54,-26,80,dani11cali,9JUUVUL2,4058,54.0,0.0,0.0
211,2018-03-19 18:04:00,30,-10,40,peppebusa,L0800PY9,4055,30.0,0.0,0.0
212,2018-03-19 18:04:00,44,4,40,macomaco,UJP8LVUL,4041,44.0,0.0,0.0
213,2018-03-19 18:04:00,116,36,80,moonknight1402,LC2JPCQ,4040,116.0,0.0,0.0
214,2018-03-19 18:04:00,72,-8,80,antonio,URG2UJJ2,4028,54.0,6.923076923076923,18.0
215,2018-03-19 18:04:00,10,-30,40,TopAngy,JCPYJLVG,4022,10.0,0.0,0.0
216,2018-03-19 18:04:00,106,-14,120,ninonà,LJ2P2UJQ,3978,68.0,14.615384615384617,38.0
217,2018-03-19 18:04:00,0,0,0,AndiGarcia,PCLR990U,3974,0.0,0.0,0.0
218,2018-03-19 18:04:00,0,-40,40,Ivan,CGP89PV0,3973,0.0,0.0,0.0
219,2018-03-19 18:04:00,89,9,80,sally snow,LR82Q9C9,3970,73.0,6.153846153846154,16.0
220,2018-03-19 18:04:00,56,-24,80,sydmirror,82UUP9QLR,3960,48.0,3.076923076923077,8.0
221,2018-03-19 18:04:00,90,50,40,cippi03,PGQVY99V,3936,90.0,0.0,0.0
222,2018-03-19 18:04:00,125,45,80,Karma,2QJU2YY92,3933,77.0,18.461538461538463,48.0
223,2018-03-19 18:04:00,0,-40,40,prince,9C9VJLJC,3921,0.0,0.0,0.0
224,2018-03-19 18:04:00,0,-40,40,JoWood,2CGJVY0Q,3907,0.0,0.0,0.0
225,2018-03-19 18:04:00,40,0,40,Red,2CPR9L20,3904,40.0,0.0,0.0
226,2018-03-19 18:04:00,46,-34,80,Daddorix,RRJPLUVU,3877,46.0,0.0,0.0
227,2018-03-19 18:04:00,18,-62,80,siraxl,RR0RUV,3866,18.0,0.0,0.0
228,2018-03-19 18:04:00,11,-69,80,$imone04,PCGG9QLG,3837,11.0,0.0,0.0
229,2018-03-19 18:04:00,120,40,80,Lord Albert,2QPCJ9CV9,3804,102.0,6.923076923076923,18.0
230,2018-03-19 18:04:00,0,0,0,Porkys,LVGP9Q9G,3803,0.0,0.0,0.0
231,2018-03-19 18:04:00,36,-44,80,hdd Crew,J892LVVU,3793,36.0,0.0,0.0
232,2018-03-19 18:04:00,25,-15,40,ciupi,ULGLPPP9,3752,25.0,0.0,0.0
233,2018-03-19 18:04:00,56,16,40,Slang,JGR8Q9U,3695,56.0,0.0,0.0
234,2018-03-19 18:04:00,38,-2,40,ramelotto,2PQVUC0PV,3615,0.0,14.615384615384617,38.0
235,2018-03-19 18:29:00,123,43,80,Adrypok,20RVR029R,4527,123.0,0.0,0.0
236,2018-03-19 18:29:00,46,6,40,Shiuvan,22GQPCJJP,4475,46.0,0.0,0.0
237,2018-03-19 18:29:00,170,50,120,TheSonicSliver,9LG8QV2G,4410,170.0,0.0,0.0
238,2018-03-19 18:29:00,146,66,80,Eisenheim,80QQVCQ8G,4390,146.0,0.0,0.0
239,2018-03-19 18:29:00,296,216,80,Nakakata,8G2JCQ0Q2,4354,296.0,0.0,0.0
240,2018-03-19 18:29:00,26,-54,80,Oliver,99888JG,4320,26.0,0.0,0.0
241,2018-03-19 18:29:00,73,-7,80,Xernakam,Y2UV98Y0,4315,73.0,0.0,0.0
242,2018-03-19 18:29:00,34,-46,80,AndreQuadros,2P92YJC,4294,34.0,0.0,0.0
243,2018-03-19 18:29:00,67,-13,80,Asgarabaddad,PQ0LL9Y2,4261,67.0,0.0,0.0
244,2018-03-19 18:29:00,98,18,80,pacheko,UYC0QU8,4257,98.0,0.0,0.0
245,2018-03-19 18:29:00,90,-30,120,Skoy,8RLVV20PY,4254,90.0,0.0,0.0
246,2018-03-19 18:29:00,58,-22,80,Carlucciello,J0JV0C8,4241,58.0,0.0,0.0
247,2018-03-19 18:29:00,46,-34,80,El Mariachi,RUJL8R9Y,4183,46.0,0.0,0.0
248,2018-03-19 18:29:00,168,78,90,mitch,GUG2QYPY,4163,168.0,0.0,0.0
249,2018-03-19 18:29:00,111,31,80,Rixy,LGV2GR0P,4133,111.0,0.0,0.0
250,2018-03-19 18:29:00,10,-30,40,Raf ó Pipistrel,PQ2LULU,4123,10.0,0.0,0.0
251,2018-03-19 18:29:00,0,0,0,eiirp,GU8YYUPL,4086,0.0,0.0,0.0
252,2018-03-19 18:29:00,107,-13,120,ninonà,LJ2P2UJQ,4069,106.0,0.38461538461538464,1.0
253,2018-03-19 18:29:00,20,-20,40,PEKKATORE,89YRQ9R0P,4069,20.0,0.0,0.0
254,2018-03-19 18:29:00,68,28,40,.:*AduVaN4Ik*:.,2PYJLLCU,4067,68.0,0.0,0.0
255,2018-03-19 18:29:00,70,-10,80,maurito,2V98CPRV,4066,70.0,0.0,0.0
256,2018-03-19 18:29:00,26,-14,40,cartero,LQ2U2V2Y,4066,26.0,0.0,0.0
257,2018-03-19 18:29:00,0,0,0,Massi,2Q90G92R,4065,0.0,0.0,0.0
258,2018-03-19 18:29:00,54,-26,80,dani11cali,9JUUVUL2,4058,54.0,0.0,0.0
259,2018-03-19 18:29:00,30,-10,40,peppebusa,L0800PY9,4055,30.0,0.0,0.0
260,2018-03-19 18:29:00,44,4,40,macomaco,UJP8LVUL,4041,44.0,0.0,0.0
261,2018-03-19 18:29:00,116,36,80,moonknight1402,LC2JPCQ,4040,116.0,0.0,0.0
262,2018-03-19 18:29:00,72,-8,80,antonio,URG2UJJ2,4028,72.0,0.0,0.0
263,2018-03-19 18:29:00,11,-29,40,TopAngy,JCPYJLVG,4022,10.0,0.38461538461538464,1.0
264,2018-03-19 18:29:00,0,0,0,AndiGarcia,PCLR990U,3974,0.0,0.0,0.0
265,2018-03-19 18:29:00,0,-40,40,Ivan,CGP89PV0,3973,0.0,0.0,0.0
266,2018-03-19 18:29:00,89,9,80,sally snow,LR82Q9C9,3970,89.0,0.0,0.0
267,2018-03-19 18:29:00,56,-24,80,sydmirror,82UUP9QLR,3960,56.0,0.0,0.0
268,2018-03-19 18:29:00,90,50,40,cippi03,PGQVY99V,3936,90.0,0.0,0.0
269,2018-03-19 18:29:00,125,45,80,Karma,2QJU2YY92,3933,125.0,0.0,0.0
270,2018-03-19 18:29:00,0,-40,40,prince,9C9VJLJC,3921,0.0,0.0,0.0
271,2018-03-19 18:29:00,0,-40,40,JoWood,2CGJVY0Q,3907,0.0,0.0,0.0
272,2018-03-19 18:29:00,40,0,40,Red,2CPR9L20,3904,40.0,0.0,0.0
273,2018-03-19 18:29:00,46,-34,80,Daddorix,RRJPLUVU,3877,46.0,0.0,0.0
274,2018-03-19 18:29:00,18,-62,80,siraxl,RR0RUV,3866,18.0,0.0,0.0
275,2018-03-19 18:29:00,11,-69,80,$imone04,PCGG9QLG,3837,11.0,0.0,0.0
276,2018-03-19 18:29:00,120,40,80,Lord Albert,2QPCJ9CV9,3804,120.0,0.0,0.0
277,2018-03-19 18:29:00,0,0,0,Porkys,LVGP9Q9G,3803,0.0,0.0,0.0
278,2018-03-19 18:29:00,36,-44,80,hdd Crew,J892LVVU,3793,36.0,0.0,0.0
279,2018-03-19 18:29:00,25,-15,40,ciupi,ULGLPPP9,3752,25.0,0.0,0.0
280,2018-03-19 18:29:00,56,16,40,Slang,JGR8Q9U,3695,56.0,0.0,0.0
281,2018-03-19 18:29:00,38,-2,40,ramelotto,2PQVUC0PV,3615,38.0,0.0,0.0
282,2018-03-19 18:57:00,123,43,80,Adrypok,20RVR029R,4527,123.0,0.0,0.0
283,2018-03-19 18:57:00,46,6,40,Shiuvan,22GQPCJJP,4475,46.0,0.0,0.0
284,2018-03-19 18:57:00,178,58,120,TheSonicSliver,9LG8QV2G,4410,170.0,3.076923076923077,8.0
285,2018-03-19 18:57:00,164,84,80,Eisenheim,80QQVCQ8G,4390,146.0,6.923076923076923,18.0
286,2018-03-19 18:57:00,296,216,80,Nakakata,8G2JCQ0Q2,4354,296.0,0.0,0.0
287,2018-03-19 18:57:00,26,-54,80,Oliver,99888JG,4320,26.0,0.0,0.0
288,2018-03-19 18:57:00,83,3,80,Xernakam,Y2UV98Y0,4315,73.0,3.8461538461538463,10.0
289,2018-03-19 18:57:00,34,-46,80,AndreQuadros,2P92YJC,4294,34.0,0.0,0.0
290,2018-03-19 18:57:00,67,-13,80,Asgarabaddad,PQ0LL9Y2,4261,67.0,0.0,0.0
291,2018-03-19 18:57:00,108,28,80,pacheko,UYC0QU8,4257,98.0,3.8461538461538463,10.0
292,2018-03-19 18:57:00,90,-30,120,Skoy,8RLVV20PY,4254,90.0,0.0,0.0
293,2018-03-19 18:57:00,58,-22,80,Carlucciello,J0JV0C8,4241,58.0,0.0,0.0
294,2018-03-19 18:57:00,46,-34,80,El Mariachi,RUJL8R9Y,4183,46.0,0.0,0.0
295,2018-03-19 18:57:00,168,63,105,mitch,GUG2QYPY,4163,168.0,0.0,0.0
296,2018-03-19 18:57:00,119,39,80,Rixy,LGV2GR0P,4133,111.0,3.076923076923077,8.0
297,2018-03-19 18:57:00,10,-30,40,Raf ó Pipistrel,PQ2LULU,4123,10.0,0.0,0.0
298,2018-03-19 18:57:00,0,0,0,eiirp,GU8YYUPL,4086,0.0,0.0,0.0
299,2018-03-19 18:57:00,107,-13,120,ninonà,LJ2P2UJQ,4069,107.0,0.0,0.0
300,2018-03-19 18:57:00,20,-20,40,PEKKATORE,89YRQ9R0P,4069,20.0,0.0,0.0
301,2018-03-19 18:57:00,68,28,40,.:*AduVaN4Ik*:.,2PYJLLCU,4067,68.0,0.0,0.0
302,2018-03-19 18:57:00,70,-10,80,maurito,2V98CPRV,4066,70.0,0.0,0.0
303,2018-03-19 18:57:00,26,-14,40,cartero,LQ2U2V2Y,4066,26.0,0.0,0.0
304,2018-03-19 18:57:00,0,0,0,Massi,2Q90G92R,4065,0.0,0.0,0.0
305,2018-03-19 18:57:00,54,-26,80,dani11cali,9JUUVUL2,4058,54.0,0.0,0.0
306,2018-03-19 18:57:00,30,-40,70,peppebusa,L0800PY9,4055,30.0,0.0,0.0
307,2018-03-19 18:57:00,44,4,40,macomaco,UJP8LVUL,4041,44.0,0.0,0.0
308,2018-03-19 18:57:00,116,36,80,moonknight1402,LC2JPCQ,4040,116.0,0.0,0.0
309,2018-03-19 18:57:00,72,-8,80,antonio,URG2UJJ2,4028,72.0,0.0,0.0
310,2018-03-19 18:57:00,26,-14,40,TopAngy,JCPYJLVG,4022,11.0,5.769230769230769,15.0
311,2018-03-19 18:57:00,0,0,0,AndiGarcia,PCLR990U,3974,0.0,0.0,0.0
312,2018-03-19 18:57:00,0,-40,40,Ivan,CGP89PV0,3973,0.0,0.0,0.0
313,2018-03-19 18:57:00,89,9,80,sally snow,LR82Q9C9,3970,89.0,0.0,0.0
314,2018-03-19 18:57:00,56,-24,80,sydmirror,82UUP9QLR,3960,56.0,0.0,0.0
315,2018-03-19 18:57:00,90,50,40,cippi03,PGQVY99V,3936,90.0,0.0,0.0
316,2018-03-19 18:57:00,125,45,80,Karma,2QJU2YY92,3933,125.0,0.0,0.0
317,2018-03-19 18:57:00,0,-40,40,prince,9C9VJLJC,3921,0.0,0.0,0.0
318,2018-03-19 18:57:00,0,-40,40,JoWood,2CGJVY0Q,3907,0.0,0.0,0.0
319,2018-03-19 18:57:00,40,0,40,Red,2CPR9L20,3904,40.0,0.0,0.0
320,2018-03-19 18:57:00,54,-26,80,Daddorix,RRJPLUVU,3877,46.0,3.076923076923077,8.0
321,2018-03-19 18:57:00,18,-62,80,siraxl,RR0RUV,3866,18.0,0.0,0.0
322,2018-03-19 18:57:00,11,-69,80,$imone04,PCGG9QLG,3837,11.0,0.0,0.0
323,2018-03-19 18:57:00,120,40,80,Lord Albert,2QPCJ9CV9,3804,120.0,0.0,0.0
324,2018-03-19 18:57:00,8,-32,40,Porkys,LVGP9Q9G,3803,0.0,3.076923076923077,8.0
325,2018-03-19 18:57:00,36,-44,80,hdd Crew,J892LVVU,3793,36.0,0.0,0.0
326,2018-03-19 18:57:00,25,-15,40,ciupi,ULGLPPP9,3752,25.0,0.0,0.0
327,2018-03-19 18:57:00,56,16,40,Slang,JGR8Q9U,3695,56.0,0.0,0.0
328,2018-03-19 18:57:00,38,-2,40,ramelotto,2PQVUC0PV,3615,38.0,0.0,0.0
329,2018-03-19 19:43:00,123,43,80,Adrypok,20RVR029R,4527,123.0,0.0,0.0
330,2018-03-19 19:43:00,46,6,40,Shiuvan,22GQPCJJP,4475,46.0,0.0,0.0
331,2018-03-19 19:43:00,306,226,80,Nakakata,8G2JCQ0Q2,4418,296.0,3.8461538461538463,10.0
332,2018-03-19 19:43:00,198,78,120,TheSonicSliver,9LG8QV2G,4410,178.0,7.6923076923076925,20.0
333,2018-03-19 19:43:00,184,104,80,Eisenheim,80QQVCQ8G,4390,164.0,7.6923076923076925,20.0
334,2018-03-19 19:43:00,26,-54,80,Oliver,99888JG,4320,26.0,0.0,0.0
335,2018-03-19 19:43:00,83,3,80,Xernakam,Y2UV98Y0,4315,83.0,0.0,0.0
336,2018-03-19 19:43:00,34,-46,80,AndreQuadros,2P92YJC,4294,34.0,0.0,0.0
337,2018-03-19 19:43:00,67,-13,80,Asgarabaddad,PQ0LL9Y2,4261,67.0,0.0,0.0
338,2018-03-19 19:43:00,108,28,80,pacheko,UYC0QU8,4257,108.0,0.0,0.0
339,2018-03-19 19:43:00,100,-20,120,Skoy,8RLVV20PY,4254,90.0,3.8461538461538463,10.0
340,2018-03-19 19:43:00,78,-2,80,Carlucciello,J0JV0C8,4241,58.0,7.6923076923076925,20.0
341,2018-03-19 19:43:00,46,-34,80,El Mariachi,RUJL8R9Y,4183,46.0,0.0,0.0
342,2018-03-19 19:43:00,119,39,80,Rixy,LGV2GR0P,4163,119.0,0.0,0.0
343,2018-03-19 19:43:00,168,48,120,mitch,GUG2QYPY,4163,168.0,0.0,0.0
344,2018-03-19 19:43:00,10,-30,40,Raf ó Pipistrel,PQ2LULU,4123,10.0,0.0,0.0
345,2018-03-19 19:43:00,0,0,0,eiirp,GU8YYUPL,4086,0.0,0.0,0.0
346,2018-03-19 19:43:00,107,-13,120,ninonà,LJ2P2UJQ,4069,107.0,0.0,0.0
347,2018-03-19 19:43:00,20,-20,40,PEKKATORE,89YRQ9R0P,4069,20.0,0.0,0.0
348,2018-03-19 19:43:00,68,-12,80,.:*AduVaN4Ik*:.,2PYJLLCU,4067,68.0,0.0,0.0
349,2018-03-19 19:43:00,70,-50,120,maurito,2V98CPRV,4066,70.0,0.0,0.0
350,2018-03-19 19:43:00,26,-14,40,cartero,LQ2U2V2Y,4066,26.0,0.0,0.0
351,2018-03-19 19:43:00,0,0,0,Massi,2Q90G92R,4065,0.0,0.0,0.0
352,2018-03-19 19:43:00,54,-26,80,dani11cali,9JUUVUL2,4058,54.0,0.0,0.0
353,2018-03-19 19:43:00,40,-40,80,peppebusa,L0800PY9,4055,30.0,3.8461538461538463,10.0
354,2018-03-19 19:43:00,44,4,40,macomaco,UJP8LVUL,4041,44.0,0.0,0.0
355,2018-03-19 19:43:00,116,36,80,moonknight1402,LC2JPCQ,4040,116.0,0.0,0.0
356,2018-03-19 19:43:00,72,-8,80,antonio,URG2UJJ2,4028,72.0,0.0,0.0
357,2018-03-19 19:43:00,26,-14,40,TopAngy,JCPYJLVG,4022,26.0,0.0,0.0
358,2018-03-19 19:43:00,0,0,0,AndiGarcia,PCLR990U,3974,0.0,0.0,0.0
359,2018-03-19 19:43:00,0,-40,40,Ivan,CGP89PV0,3973,0.0,0.0,0.0
360,2018-03-19 19:43:00,117,37,80,sally snow,LR82Q9C9,3970,89.0,10.76923076923077,28.0
361,2018-03-19 19:43:00,56,-24,80,sydmirror,82UUP9QLR,3960,56.0,0.0,0.0
362,2018-03-19 19:43:00,90,50,40,cippi03,PGQVY99V,3936,90.0,0.0,0.0
363,2018-03-19 19:43:00,125,45,80,Karma,2QJU2YY92,3933,125.0,0.0,0.0
364,2018-03-19 19:43:00,0,-40,40,prince,9C9VJLJC,3921,0.0,0.0,0.0
365,2018-03-19 19:43:00,0,-40,40,JoWood,2CGJVY0Q,3907,0.0,0.0,0.0
366,2018-03-19 19:43:00,40,0,40,Red,2CPR9L20,3904,40.0,0.0,0.0
367,2018-03-19 19:43:00,64,-16,80,Daddorix,RRJPLUVU,3877,54.0,3.8461538461538463,10.0
368,2018-03-19 19:43:00,18,-62,80,siraxl,RR0RUV,3866,18.0,0.0,0.0
369,2018-03-19 19:43:00,11,-69,80,$imone04,PCGG9QLG,3837,11.0,0.0,0.0
370,2018-03-19 19:43:00,130,50,80,Lord Albert,2QPCJ9CV9,3804,120.0,3.8461538461538463,10.0
371,2018-03-19 19:43:00,8,-32,40,Porkys,LVGP9Q9G,3803,8.0,0.0,0.0
372,2018-03-19 19:43:00,36,-44,80,hdd Crew,J892LVVU,3793,36.0,0.0,0.0
373,2018-03-19 19:43:00,32,-48,80,ciupi,ULGLPPP9,3754,25.0,2.6923076923076925,7.0
374,2018-03-19 19:43:00,56,16,40,Slang,JGR8Q9U,3695,56.0,0.0,0.0
375,2018-03-19 19:43:00,38,-2,40,ramelotto,2PQVUC0PV,3615,38.0,0.0,0.0
376,2018-03-19 20:33:00,123,43,80,Adrypok,20RVR029R,4527,123.0,0.0,0.0
377,2018-03-19 20:33:00,46,6,40,Shiuvan,22GQPCJJP,4475,46.0,0.0,0.0
378,2018-03-19 20:33:00,306,226,80,Nakakata,8G2JCQ0Q2,4418,306.0,0.0,0.0
379,2018-03-19 20:33:00,206,86,120,TheSonicSliver,9LG8QV2G,4410,198.0,3.076923076923077,8.0
380,2018-03-19 20:33:00,192,112,80,Eisenheim,80QQVCQ8G,4390,184.0,3.076923076923077,8.0
381,2018-03-19 20:33:00,26,-54,80,Oliver,99888JG,4320,26.0,0.0,0.0
382,2018-03-19 20:33:00,83,3,80,Xernakam,Y2UV98Y0,4315,83.0,0.0,0.0
383,2018-03-19 20:33:00,34,-46,80,AndreQuadros,2P92YJC,4294,34.0,0.0,0.0
384,2018-03-19 20:33:00,67,-13,80,Asgarabaddad,PQ0LL9Y2,4261,67.0,0.0,0.0
385,2018-03-19 20:33:00,108,28,80,pacheko,UYC0QU8,4257,108.0,0.0,0.0
386,2018-03-19 20:33:00,100,-20,120,Skoy,8RLVV20PY,4254,100.0,0.0,0.0
387,2018-03-19 20:33:00,78,-2,80,Carlucciello,J0JV0C8,4241,78.0,0.0,0.0
388,2018-03-19 20:33:00,46,-34,80,El Mariachi,RUJL8R9Y,4183,46.0,0.0,0.0
389,2018-03-19 20:33:00,168,48,120,mitch,GUG2QYPY,4164,168.0,0.0,0.0
390,2018-03-19 20:33:00,119,39,80,Rixy,LGV2GR0P,4163,119.0,0.0,0.0
391,2018-03-19 20:33:00,10,-30,40,Raf ó Pipistrel,PQ2LULU,4123,10.0,0.0,0.0
392,2018-03-19 20:33:00,0,-8,8,eiirp,GU8YYUPL,4086,0.0,0.0,0.0
393,2018-03-19 20:33:00,107,-13,120,ninonà,LJ2P2UJQ,4069,107.0,0.0,0.0
394,2018-03-19 20:33:00,20,-20,40,PEKKATORE,89YRQ9R0P,4069,20.0,0.0,0.0
395,2018-03-19 20:33:00,68,-12,80,.:*AduVaN4Ik*:.,2PYJLLCU,4067,68.0,0.0,0.0
396,2018-03-19 20:33:00,70,-50,120,maurito,2V98CPRV,4066,70.0,0.0,0.0
397,2018-03-19 20:33:00,26,-14,40,cartero,LQ2U2V2Y,4066,26.0,0.0,0.0
398,2018-03-19 20:33:00,0,0,0,Massi,2Q90G92R,4065,0.0,0.0,0.0
399,2018-03-19 20:33:00,62,-18,80,dani11cali,9JUUVUL2,4058,54.0,3.076923076923077,8.0
400,2018-03-19 20:33:00,40,-40,80,peppebusa,L0800PY9,4055,40.0,0.0,0.0
401,2018-03-19 20:33:00,44,4,40,macomaco,UJP8LVUL,4041,44.0,0.0,0.0
402,2018-03-19 20:33:00,116,36,80,moonknight1402,LC2JPCQ,4040,116.0,0.0,0.0
403,2018-03-19 20:33:00,80,-10,90,antonio,URG2UJJ2,4028,72.0,3.076923076923077,8.0
404,2018-03-19 20:33:00,26,-14,40,TopAngy,JCPYJLVG,4022,26.0,0.0,0.0
405,2018-03-19 20:33:00,0,0,0,AndiGarcia,PCLR990U,3974,0.0,0.0,0.0
406,2018-03-19 20:33:00,0,-40,40,Ivan,CGP89PV0,3973,0.0,0.0,0.0
407,2018-03-19 20:33:00,117,37,80,sally snow,LR82Q9C9,3970,117.0,0.0,0.0
408,2018-03-19 20:33:00,56,-24,80,sydmirror,82UUP9QLR,3960,56.0,0.0,0.0
409,2018-03-19 20:33:00,90,50,40,cippi03,PGQVY99V,3936,90.0,0.0,0.0
410,2018-03-19 20:33:00,135,23,112,Karma,2QJU2YY92,3933,125.0,3.8461538461538463,10.0
411,2018-03-19 20:33:00,0,-40,40,prince,9C9VJLJC,3921,0.0,0.0,0.0
412,2018-03-19 20:33:00,0,-40,40,JoWood,2CGJVY0Q,3907,0.0,0.0,0.0
413,2018-03-19 20:33:00,40,0,40,Red,2CPR9L20,3904,40.0,0.0,0.0
414,2018-03-19 20:33:00,64,-16,80,Daddorix,RRJPLUVU,3877,64.0,0.0,0.0
415,2018-03-19 20:33:00,18,-62,80,siraxl,RR0RUV,3866,18.0,0.0,0.0
416,2018-03-19 20:33:00,11,-69,80,$imone04,PCGG9QLG,3837,11.0,0.0,0.0
417,2018-03-19 20:33:00,130,50,80,Lord Albert,2QPCJ9CV9,3804,130.0,0.0,0.0
418,2018-03-19 20:33:00,16,-24,40,Porkys,LVGP9Q9G,3803,8.0,3.076923076923077,8.0
419,2018-03-19 20:33:00,36,-44,80,hdd Crew,J892LVVU,3793,36.0,0.0,0.0
420,2018-03-19 20:33:00,32,-48,80,ciupi,ULGLPPP9,3784,32.0,0.0,0.0
421,2018-03-19 20:33:00,56,16,40,Slang,JGR8Q9U,3695,56.0,0.0,0.0
422,2018-03-19 20:33:00,38,-2,40,ramelotto,2PQVUC0PV,3615,38.0,0.0,0.0
423,2018-03-19 22:00:00,123,43,80,Adrypok,20RVR029R,4527,123.0,0.0,0.0
424,2018-03-19 22:00:00,46,6,40,Shiuvan,22GQPCJJP,4475,46.0,0.0,0.0
425,2018-03-19 22:00:00,306,226,80,Nakakata,8G2JCQ0Q2,4418,306.0,0.0,0.0
426,2018-03-19 22:00:00,206,86,120,TheSonicSliver,9LG8QV2G,4410,206.0,0.0,0.0
427,2018-03-19 22:00:00,220,132,88,Eisenheim,80QQVCQ8G,4390,192.0,10.76923076923077,28.0
428,2018-03-19 22:00:00,93,13,80,Xernakam,Y2UV98Y0,4347,83.0,3.8461538461538463,10.0
429,2018-03-19 22:00:00,26,-54,80,Oliver,99888JG,4320,26.0,0.0,0.0
430,2018-03-19 22:00:00,34,-46,80,AndreQuadros,2P92YJC,4294,34.0,0.0,0.0
431,2018-03-19 22:00:00,146,66,80,pacheko,UYC0QU8,4286,108.0,14.615384615384617,38.0
432,2018-03-19 22:00:00,93,13,80,Asgarabaddad,PQ0LL9Y2,4261,67.0,10.0,26.0
433,2018-03-19 22:00:00,110,-10,120,Skoy,8RLVV20PY,4254,100.0,3.8461538461538463,10.0
434,2018-03-19 22:00:00,78,-2,80,Carlucciello,J0JV0C8,4241,78.0,0.0,0.0
435,2018-03-19 22:00:00,54,-66,120,El Mariachi,RUJL8R9Y,4212,46.0,3.076923076923077,8.0
436,2018-03-19 22:00:00,176,56,120,mitch,GUG2QYPY,4164,168.0,3.076923076923077,8.0
437,2018-03-19 22:00:00,119,39,80,Rixy,LGV2GR0P,4163,119.0,0.0,0.0
438,2018-03-19 22:00:00,10,-30,40,Raf ó Pipistrel,PQ2LULU,4123,10.0,0.0,0.0
439,2018-03-19 22:00:00,80,-40,120,maurito,2V98CPRV,4094,70.0,3.8461538461538463,10.0
440,2018-03-19 22:00:00,0,-40,40,eiirp,GU8YYUPL,4086,0.0,0.0,0.0
441,2018-03-19 22:00:00,107,-13,120,ninonà,LJ2P2UJQ,4069,107.0,0.0,0.0
442,2018-03-19 22:00:00,20,-60,80,PEKKATORE,89YRQ9R0P,4069,20.0,0.0,0.0
443,2018-03-19 22:00:00,68,-12,80,.:*AduVaN4Ik*:.,2PYJLLCU,4067,68.0,0.0,0.0
444,2018-03-19 22:00:00,36,-14,50,cartero,LQ2U2V2Y,4066,26.0,3.8461538461538463,10.0
445,2018-03-19 22:00:00,0,0,0,Massi,2Q90G92R,4065,0.0,0.0,0.0
446,2018-03-19 22:00:00,62,-58,120,dani11cali,9JUUVUL2,4058,62.0,0.0,0.0
447,2018-03-19 22:00:00,40,-40,80,peppebusa,L0800PY9,4055,40.0,0.0,0.0
448,2018-03-19 22:00:00,136,16,120,moonknight1402,LC2JPCQ,4040,116.0,7.6923076923076925,20.0
449,2018-03-19 22:00:00,80,-40,120,antonio,URG2UJJ2,4028,80.0,0.0,0.0
450,2018-03-19 22:00:00,26,-14,40,TopAngy,JCPYJLVG,4022,26.0,0.0,0.0
451,2018-03-19 22:00:00,44,4,40,macomaco,UJP8LVUL,3982,44.0,0.0,0.0
452,2018-03-19 22:00:00,0,0,0,AndiGarcia,PCLR990U,3974,0.0,0.0,0.0
453,2018-03-19 22:00:00,0,-40,40,Ivan,CGP89PV0,3973,0.0,0.0,0.0
454,2018-03-19 22:00:00,171,91,80,sally snow,LR82Q9C9,3970,117.0,20.76923076923077,54.0
455,2018-03-19 22:00:00,90,50,40,cippi03,PGQVY99V,3936,90.0,0.0,0.0
456,2018-03-19 22:00:00,135,15,120,Karma,2QJU2YY92,3933,135.0,0.0,0.0
457,2018-03-19 22:00:00,56,-64,120,sydmirror,82UUP9QLR,3930,56.0,0.0,0.0
458,2018-03-19 22:00:00,0,-40,40,prince,9C9VJLJC,3921,0.0,0.0,0.0
459,2018-03-19 22:00:00,0,-40,40,JoWood,2CGJVY0Q,3907,0.0,0.0,0.0
460,2018-03-19 22:00:00,40,0,40,Red,2CPR9L20,3904,40.0,0.0,0.0
461,2018-03-19 22:00:00,128,48,80,Daddorix,RRJPLUVU,3877,64.0,24.615384615384617,64.0
462,2018-03-19 22:00:00,18,-62,80,siraxl,RR0RUV,3866,18.0,0.0,0.0
463,2018-03-19 22:00:00,11,-69,80,$imone04,PCGG9QLG,3837,11.0,0.0,0.0
464,2018-03-19 22:00:00,138,58,80,Lord Albert,2QPCJ9CV9,3804,130.0,3.076923076923077,8.0
465,2018-03-19 22:00:00,34,-6,40,Porkys,LVGP9Q9G,3803,16.0,6.923076923076923,18.0
466,2018-03-19 22:00:00,36,-44,80,hdd Crew,J892LVVU,3793,36.0,0.0,0.0
467,2018-03-19 22:00:00,32,-48,80,ciupi,ULGLPPP9,3784,32.0,0.0,0.0
468,2018-03-19 22:00:00,72,-8,80,Slang,JGR8Q9U,3698,56.0,6.153846153846154,16.0
469,2018-03-19 22:00:00,38,-2,40,ramelotto,2PQVUC0PV,3615,38.0,0.0,0.0
470,2018-03-19 23:22:00,151,34,117,Adrypok,20RVR029R,4527,123.0,10.76923076923077,28.0
471,2018-03-19 23:22:00,46,6,40,Shiuvan,22GQPCJJP,4475,46.0,0.0,0.0
472,2018-03-19 23:22:00,306,186,120,Nakakata,8G2JCQ0Q2,4450,306.0,0.0,0.0
473,2018-03-19 23:22:00,242,122,120,TheSonicSliver,9LG8QV2G,4410,206.0,13.846153846153847,36.0
474,2018-03-19 23:22:00,220,100,120,Eisenheim,80QQVCQ8G,4390,220.0,0.0,0.0
475,2018-03-19 23:22:00,133,13,120,Xernakam,Y2UV98Y0,4377,93.0,15.384615384615385,40.0
476,2018-03-19 23:22:00,39,-81,120,Oliver,99888JG,4320,26.0,5.0,13.0
477,2018-03-19 23:22:00,34,-46,80,AndreQuadros,2P92YJC,4294,34.0,0.0,0.0
478,2018-03-19 23:22:00,154,64,90,pacheko,UYC0QU8,4286,146.0,3.076923076923077,8.0
479,2018-03-19 23:22:00,119,-1,120,Asgarabaddad,PQ0LL9Y2,4261,93.0,10.0,26.0
480,2018-03-19 23:22:00,98,18,80,Carlucciello,J0JV0C8,4241,78.0,7.6923076923076925,20.0
481,2018-03-19 23:22:00,164,4,160,Skoy,8RLVV20PY,4225,110.0,20.76923076923077,54.0
482,2018-03-19 23:22:00,54,-66,120,El Mariachi,RUJL8R9Y,4212,54.0,0.0,0.0
483,2018-03-19 23:22:00,176,56,120,mitch,GUG2QYPY,4164,176.0,0.0,0.0
484,2018-03-19 23:22:00,119,39,80,Rixy,LGV2GR0P,4163,119.0,0.0,0.0
485,2018-03-19 23:22:00,10,-30,40,Raf ó Pipistrel,PQ2LULU,4123,10.0,0.0,0.0
486,2018-03-19 23:22:00,80,-40,120,maurito,2V98CPRV,4094,80.0,0.0,0.0
487,2018-03-19 23:22:00,0,-40,40,eiirp,GU8YYUPL,4086,0.0,0.0,0.0
488,2018-03-19 23:22:00,107,-13,120,ninonà,LJ2P2UJQ,4069,107.0,0.0,0.0
489,2018-03-19 23:22:00,20,-60,80,PEKKATORE,89YRQ9R0P,4069,20.0,0.0,0.0
490,2018-03-19 23:22:00,68,-12,80,.:*AduVaN4Ik*:.,2PYJLLCU,4067,68.0,0.0,0.0
491,2018-03-19 23:22:00,36,-44,80,cartero,LQ2U2V2Y,4066,36.0,0.0,0.0
492,2018-03-19 23:22:00,30,-10,40,Massi,2Q90G92R,4065,0.0,11.538461538461538,30.0
493,2018-03-19 23:22:00,62,-58,120,dani11cali,9JUUVUL2,4058,62.0,0.0,0.0
494,2018-03-19 23:22:00,40,-40,80,peppebusa,L0800PY9,4055,40.0,0.0,0.0
495,2018-03-19 23:22:00,136,16,120,moonknight1402,LC2JPCQ,4040,136.0,0.0,0.0
496,2018-03-19 23:22:00,80,-40,120,antonio,URG2UJJ2,4028,80.0,0.0,0.0
497,2018-03-19 23:22:00,26,-14,40,TopAngy,JCPYJLVG,4022,26.0,0.0,0.0
498,2018-03-19 23:22:00,44,4,40,macomaco,UJP8LVUL,3982,44.0,0.0,0.0
499,2018-03-19 23:22:00,0,0,0,AndiGarcia,PCLR990U,3974,0.0,0.0,0.0
500,2018-03-19 23:22:00,0,-40,40,Ivan,CGP89PV0,3973,0.0,0.0,0.0
501,2018-03-19 23:22:00,237,117,120,sally snow,LR82Q9C9,3970,171.0,25.384615384615383,66.0
502,2018-03-19 23:22:00,90,50,40,cippi03,PGQVY99V,3936,90.0,0.0,0.0
503,2018-03-19 23:22:00,135,15,120,Karma,2QJU2YY92,3933,135.0,0.0,0.0
504,2018-03-19 23:22:00,56,-64,120,sydmirror,82UUP9QLR,3930,56.0,0.0,0.0
505,2018-03-19 23:22:00,0,-40,40,prince,9C9VJLJC,3921,0.0,0.0,0.0
506,2018-03-19 23:22:00,0,-40,40,JoWood,2CGJVY0Q,3907,0.0,0.0,0.0
507,2018-03-19 23:22:00,70,-10,80,Red,2CPR9L20,3904,40.0,11.538461538461538,30.0
508,2018-03-19 23:22:00,154,64,90,Daddorix,RRJPLUVU,3877,128.0,10.0,26.0
509,2018-03-19 23:22:00,46,-74,120,siraxl,RR0RUV,3866,18.0,10.76923076923077,28.0
510,2018-03-19 23:22:00,11,-69,80,$imone04,PCGG9QLG,3837,11.0,0.0,0.0
511,2018-03-19 23:22:00,138,58,80,Lord Albert,2QPCJ9CV9,3804,138.0,0.0,0.0
512,2018-03-19 23:22:00,34,-6,40,Porkys,LVGP9Q9G,3803,34.0,0.0,0.0
513,2018-03-19 23:22:00,36,-44,80,hdd Crew,J892LVVU,3793,36.0,0.0,0.0
514,2018-03-19 23:22:00,32,-48,80,ciupi,ULGLPPP9,3784,32.0,0.0,0.0
515,2018-03-19 23:22:00,146,66,80,Slang,JGR8Q9U,3727,72.0,28.46153846153846,74.0
516,2018-03-19 23:22:00,38,-2,40,ramelotto,2PQVUC0PV,3615,38.0,0.0,0.0
517,2018-03-20 15:43:00,198,118,80,Shiuvan,22GQPCJJP,4605,46.0,58.46153846153847,152.0
518,2018-03-20 15:43:00,169,9,160,Adrypok,20RVR029R,4502,151.0,6.923076923076923,18.0
519,2018-03-20 15:43:00,306,146,160,Nakakata,8G2JCQ0Q2,4450,306.0,0.0,0.0
520,2018-03-20 15:43:00,348,148,200,TheSonicSliver,9LG8QV2G,4410,242.0,40.76923076923077,106.0
521,2018-03-20 15:43:00,233,33,200,Xernakam,Y2UV98Y0,4379,133.0,38.46153846153847,100.0
522,2018-03-20 15:43:00,310,110,200,Eisenheim,80QQVCQ8G,4361,220.0,34.61538461538461,90.0
523,2018-03-20 15:43:00,39,-121,160,Oliver,99888JG,4320,39.0,0.0,0.0
524,2018-03-20 15:43:00,190,30,160,pacheko,UYC0QU8,4317,154.0,13.846153846153847,36.0
525,2018-03-20 15:43:00,42,-78,120,AndreQuadros,2P92YJC,4294,34.0,3.076923076923077,8.0
526,2018-03-20 15:43:00,165,5,160,Asgarabaddad,PQ0LL9Y2,4261,119.0,17.692307692307693,46.0
527,2018-03-20 15:43:00,126,6,120,Carlucciello,J0JV0C8,4241,98.0,10.76923076923077,28.0
528,2018-03-20 15:43:00,110,-90,200,El Mariachi,RUJL8R9Y,4180,54.0,21.53846153846154,56.0
529,2018-03-20 15:43:00,252,12,240,Skoy,8RLVV20PY,4137,164.0,33.84615384615385,88.0
530,2018-03-20 15:43:00,293,135,158,Rixy,LGV2GR0P,4134,119.0,66.92307692307692,174.0
531,2018-03-20 15:43:00,134,-26,160,.:*AduVaN4Ik*:.,2PYJLLCU,4126,68.0,25.384615384615383,66.0
532,2018-03-20 15:43:00,10,-30,40,Raf ó Pipistrel,PQ2LULU,4123,10.0,0.0,0.0
533,2018-03-20 15:43:00,118,-42,160,peppebusa,L0800PY9,4117,40.0,30.0,78.0
534,2018-03-20 15:43:00,157,-3,160,ninonà,LJ2P2UJQ,4097,107.0,19.230769230769234,50.0
535,2018-03-20 15:43:00,90,-70,160,maurito,2V98CPRV,4094,80.0,3.8461538461538463,10.0
536,2018-03-20 15:43:00,0,-80,80,eiirp,GU8YYUPL,4086,0.0,0.0,0.0
537,2018-03-20 15:43:00,120,-40,160,sydmirror,82UUP9QLR,4086,56.0,24.615384615384617,64.0
538,2018-03-20 15:43:00,36,-84,120,cartero,LQ2U2V2Y,4066,36.0,0.0,0.0
539,2018-03-20 15:43:00,72,-8,80,Massi,2Q90G92R,4065,30.0,16.153846153846153,42.0
540,2018-03-20 15:43:00,148,-52,200,dani11cali,9JUUVUL2,4058,62.0,33.07692307692307,86.0
541,2018-03-20 15:43:00,146,-14,160,moonknight1402,LC2JPCQ,4040,136.0,3.8461538461538463,10.0
542,2018-03-20 15:43:00,164,-36,200,antonio,URG2UJJ2,4028,80.0,32.30769230769231,84.0
543,2018-03-20 15:43:00,46,6,40,AndiGarcia,PCLR990U,4005,0.0,17.692307692307693,46.0
544,2018-03-20 15:43:00,52,-28,80,TopAngy,JCPYJLVG,3992,26.0,10.0,26.0
545,2018-03-20 15:43:00,0,-80,80,Ivan,CGP89PV0,3973,0.0,0.0,0.0
546,2018-03-20 15:43:00,332,172,160,sally snow,LR82Q9C9,3970,237.0,36.53846153846153,95.0
547,2018-03-20 15:43:00,62,-18,80,JoWood,2CGJVY0Q,3966,0.0,23.846153846153847,62.0
548,2018-03-20 15:43:00,109,-11,120,PEKKATORE,89YRQ9R0P,3950,20.0,34.23076923076923,89.0
549,2018-03-20 15:43:00,106,26,80,cippi03,PGQVY99V,3936,90.0,6.153846153846154,16.0
550,2018-03-20 15:43:00,0,-80,80,prince,9C9VJLJC,3921,0.0,0.0,0.0
551,2018-03-20 15:43:00,280,80,200,Karma,2QJU2YY92,3908,135.0,55.769230769230774,145.0
552,2018-03-20 15:43:00,126,6,120,Red,2CPR9L20,3904,70.0,21.53846153846154,56.0
553,2018-03-20 15:43:00,180,20,160,Daddorix,RRJPLUVU,3877,154.0,10.0,26.0
554,2018-03-20 15:43:00,116,-4,120,macomaco,UJP8LVUL,3868,44.0,27.692307692307693,72.0
555,2018-03-20 15:43:00,66,-94,160,siraxl,RR0RUV,3866,46.0,7.6923076923076925,20.0
556,2018-03-20 15:43:00,49,-111,160,$imone04,PCGG9QLG,3809,11.0,14.615384615384617,38.0
557,2018-03-20 15:43:00,230,110,120,Lord Albert,2QPCJ9CV9,3808,138.0,35.38461538461539,92.0
558,2018-03-20 15:43:00,37,-43,80,Porkys,LVGP9Q9G,3803,34.0,1.153846153846154,3.0
559,2018-03-20 15:43:00,50,50,0,ValeBuongio,CVJVVRU2,3784,0.0,19.230769230769234,50.0
560,2018-03-20 15:43:00,180,60,120,Slang,JGR8Q9U,3758,146.0,13.076923076923078,34.0
561,2018-03-20 15:43:00,81,-79,160,ciupi,ULGLPPP9,3753,32.0,18.846153846153847,49.0
562,2018-03-20 15:43:00,84,-76,160,hdd Crew,J892LVVU,3744,36.0,18.461538461538463,48.0
563,2018-03-21 23:28:00,504,304,200,Shiuvan,22GQPCJJP,4664,198.0,100.0,260.0
564,2018-03-21 23:28:00,456,176,280,Nakakata,8G2JCQ0Q2,4544,306.0,57.692307692307686,150.0
565,2018-03-21 23:28:00,366,14,352,Adrypok,20RVR029R,4530,169.0,75.76923076923077,197.0
566,2018-03-21 23:28:00,711,351,360,TheSonicSliver,9LG8QV2G,4416,348.0,100.0,260.0
567,2018-03-21 23:28:00,294,54,240,Asgarabaddad,PQ0LL9Y2,4379,165.0,49.61538461538461,129.0
568,2018-03-21 23:28:00,122,-118,240,AndreQuadros,2P92YJC,4352,42.0,30.76923076923077,80.0
569,2018-03-21 23:28:00,429,69,360,Xernakam,Y2UV98Y0,4348,233.0,75.38461538461539,196.0
570,2018-03-21 23:28:00,140,-94,234,eiirp,GU8YYUPL,4325,0.0,53.84615384615385,140.0
571,2018-03-21 23:28:00,480,80,400,Skoy,8RLVV20PY,4312,252.0,87.6923076923077,228.0
572,2018-03-21 23:28:00,101,-179,280,Oliver,99888JG,4286,39.0,23.846153846153847,62.0
573,2018-03-21 23:28:00,286,-74,360,dani11cali,9JUUVUL2,4237,148.0,53.07692307692308,138.0
574,2018-03-21 23:28:00,196,-154,350,El Mariachi,RUJL8R9Y,4237,110.0,33.07692307692307,86.0
575,2018-03-21 23:28:00,597,237,360,Eisenheim,80QQVCQ8G,4232,310.0,100.0,260.0
576,2018-03-21 23:28:00,144,-96,240,Carlucciello,J0JV0C8,4210,126.0,6.923076923076923,18.0
577,2018-03-21 23:28:00,36,-44,80,Raf ó Pipistrel,PQ2LULU,4205,10.0,10.0,26.0
578,2018-03-21 23:28:00,238,-42,280,maurito,2V98CPRV,4157,90.0,56.92307692307692,148.0
579,2018-03-21 23:28:00,235,-45,280,moonknight1402,LC2JPCQ,4101,146.0,34.23076923076923,89.0
580,2018-03-21 23:28:00,252,12,240,.:*AduVaN4Ik*:.,2PYJLLCU,4100,134.0,45.38461538461539,118.0
581,2018-03-21 23:28:00,172,12,160,Massi,2Q90G92R,4091,72.0,38.46153846153847,100.0
582,2018-03-21 23:28:00,403,107,296,Rixy,LGV2GR0P,4073,293.0,42.30769230769231,110.0
583,2018-03-21 23:28:00,88,-72,160,cartero,LQ2U2V2Y,4066,36.0,20.0,52.0
584,2018-03-21 23:28:00,332,-28,360,antonio,URG2UJJ2,4055,164.0,64.61538461538461,168.0
585,2018-03-21 23:28:00,205,5,200,ninonà,LJ2P2UJQ,4038,157.0,18.461538461538463,48.0
586,2018-03-21 23:28:00,46,6,40,AndiGarcia,PCLR990U,4005,46.0,0.0,0.0
587,2018-03-21 23:28:00,0,-40,40,josue10,Y8CGR9Y9,4005,0.0,0.0,0.0
588,2018-03-21 23:28:00,212,-28,240,PEKKATORE,89YRQ9R0P,4003,109.0,39.61538461538461,103.0
589,2018-03-21 23:28:00,255,15,240,macomaco,UJP8LVUL,3984,116.0,53.46153846153846,139.0
590,2018-03-21 23:28:00,24,-96,120,Ivan,CGP89PV0,3977,0.0,9.230769230769232,24.0
591,2018-03-21 23:28:00,416,136,280,sally snow,LR82Q9C9,3970,332.0,32.30769230769231,84.0
592,2018-03-21 23:28:00,70,-50,120,TopAngy,JCPYJLVG,3960,52.0,6.923076923076923,18.0
593,2018-03-21 23:28:00,145,-95,240,Porkys,LVGP9Q9G,3947,37.0,41.53846153846154,108.0
594,2018-03-21 23:28:00,228,-12,240,peppebusa,L0800PY9,3943,118.0,42.30769230769231,110.0
595,2018-03-21 23:28:00,62,-58,120,JoWood,2CGJVY0Q,3937,62.0,0.0,0.0
596,2018-03-21 23:28:00,140,20,120,cippi03,PGQVY99V,3936,106.0,13.076923076923078,34.0
597,2018-03-21 23:28:00,296,-24,320,sydmirror,82UUP9QLR,3930,120.0,67.6923076923077,176.0
598,2018-03-21 23:28:00,0,-80,80,prince,9C9VJLJC,3921,0.0,0.0,0.0
599,2018-03-21 23:28:00,231,-9,240,Red,2CPR9L20,3904,126.0,40.38461538461539,105.0
600,2018-03-21 23:28:00,395,115,280,Lord Albert,2QPCJ9CV9,3902,230.0,63.46153846153846,165.0
601,2018-03-21 23:28:00,0,0,0,SCANDALOSA,20UGP2P0Q,3883,0.0,0.0,0.0
602,2018-03-21 23:28:00,142,-138,280,ciupi,ULGLPPP9,3879,81.0,23.46153846153846,61.0
603,2018-03-21 23:28:00,162,-118,280,siraxl,RR0RUV,3866,66.0,36.92307692307693,96.0
604,2018-03-21 23:28:00,416,96,320,Karma,2QJU2YY92,3853,280.0,52.307692307692314,136.0
605,2018-03-21 23:28:00,141,-179,320,hdd Crew,J892LVVU,3843,84.0,21.923076923076923,57.0
606,2018-03-21 23:28:00,92,52,40,ValeBuongio,CVJVVRU2,3839,50.0,16.153846153846153,42.0
607,2018-03-21 23:28:00,401,41,360,Daddorix,RRJPLUVU,3829,180.0,85.0,221.0
608,2018-03-21 23:28:00,73,-167,240,$imone04,PCGG9QLG,3809,49.0,9.230769230769232,24.0
609,2018-03-21 23:28:00,232,32,200,Slang,JGR8Q9U,3763,180.0,20.0,52.0
610,2018-03-22 14:09:00,626,386,240,Shiuvan,22GQPCJJP,4811,504.0,46.92307692307692,122.0
611,2018-03-22 14:09:00,492,92,400,Adrypok,20RVR029R,4532,366.0,48.46153846153846,126.0
612,2018-03-22 14:09:00,791,351,440,TheSonicSliver,9LG8QV2G,4416,711.0,30.76923076923077,80.0
613,2018-03-22 14:09:00,370,90,280,Asgarabaddad,PQ0LL9Y2,4378,294.0,29.230769230769234,76.0
614,2018-03-22 14:09:00,477,77,400,Xernakam,Y2UV98Y0,4377,429.0,18.461538461538463,48.0
615,2018-03-22 14:09:00,484,164,320,Nakakata,8G2JCQ0Q2,4376,456.0,10.76923076923077,28.0
616,2018-03-22 14:09:00,160,-120,280,eiirp,GU8YYUPL,4325,140.0,7.6923076923076925,20.0
617,2018-03-22 14:09:00,101,-219,320,Oliver,99888JG,4286,101.0,0.0,0.0
618,2018-03-22 14:09:00,344,-96,440,dani11cali,9JUUVUL2,4271,286.0,22.30769230769231,58.0
619,2018-03-22 14:09:00,691,291,400,Eisenheim,80QQVCQ8G,4261,597.0,36.15384615384615,94.0
620,2018-03-22 14:09:00,36,-44,80,Raf ó Pipistrel,PQ2LULU,4205,36.0,0.0,0.0
621,2018-03-22 14:09:00,581,141,440,Skoy,8RLVV20PY,4200,480.0,38.84615384615385,101.0
622,2018-03-22 14:09:00,154,-126,280,Carlucciello,J0JV0C8,4181,144.0,3.8461538461538463,10.0
623,2018-03-22 14:09:00,232,-208,440,El Mariachi,RUJL8R9Y,4179,196.0,13.846153846153847,36.0
624,2018-03-22 14:09:00,130,-150,280,AndreQuadros,2P92YJC,4166,122.0,3.076923076923077,8.0
625,2018-03-22 14:09:00,294,14,280,.:*AduVaN4Ik*:.,2PYJLLCU,4163,252.0,16.153846153846153,42.0
626,2018-03-22 14:09:00,322,-38,360,maurito,2V98CPRV,4153,238.0,32.30769230769231,84.0
627,2018-03-22 14:09:00,255,-65,320,moonknight1402,LC2JPCQ,4132,235.0,7.6923076923076925,20.0
628,2018-03-22 14:09:00,172,12,160,Massi,2Q90G92R,4091,172.0,0.0,0.0
629,2018-03-22 14:09:00,449,89,360,Rixy,LGV2GR0P,4084,403.0,17.692307692307693,46.0
630,2018-03-22 14:09:00,146,-54,200,cartero,LQ2U2V2Y,4066,88.0,22.30769230769231,58.0
631,2018-03-22 14:09:00,396,-44,440,antonio,URG2UJJ2,4055,332.0,24.615384615384617,64.0
632,2018-03-22 14:09:00,279,-1,280,ninonà,LJ2P2UJQ,4008,205.0,28.46153846153846,74.0
633,2018-03-22 14:09:00,46,6,40,AndiGarcia,PCLR990U,4005,46.0,0.0,0.0
634,2018-03-22 14:09:00,617,177,440,Karma,2QJU2YY92,3999,416.0,77.3076923076923,201.0
635,2018-03-22 14:09:00,102,-58,160,JoWood,2CGJVY0Q,3997,62.0,15.384615384615385,40.0
636,2018-03-22 14:09:00,334,-66,400,sydmirror,82UUP9QLR,3993,296.0,14.615384615384617,38.0
637,2018-03-22 14:09:00,32,-128,160,Ivan,CGP89PV0,3976,24.0,3.076923076923077,8.0
638,2018-03-22 14:09:00,492,172,320,sally snow,LR82Q9C9,3970,416.0,29.230769230769234,76.0
639,2018-03-22 14:09:00,70,-50,120,TopAngy,JCPYJLVG,3960,70.0,0.0,0.0
640,2018-03-22 14:09:00,255,15,240,macomaco,UJP8LVUL,3954,255.0,0.0,0.0
641,2018-03-22 14:09:00,179,-141,320,Porkys,LVGP9Q9G,3947,145.0,13.076923076923078,34.0
642,2018-03-22 14:09:00,305,25,280,Red,2CPR9L20,3932,231.0,28.46153846153846,74.0
643,2018-03-22 14:09:00,0,-80,80,prince,9C9VJLJC,3921,0.0,0.0,0.0
644,2018-03-22 14:09:00,212,-68,280,PEKKATORE,89YRQ9R0P,3918,212.0,0.0,0.0
645,2018-03-22 14:09:00,28,-12,40,SCANDALOSA,20UGP2P0Q,3913,0.0,10.76923076923077,28.0
646,2018-03-22 14:09:00,204,44,160,cippi03,PGQVY99V,3905,140.0,24.615384615384617,64.0
647,2018-03-22 14:09:00,463,143,320,Lord Albert,2QPCJ9CV9,3902,395.0,26.153846153846157,68.0
648,2018-03-22 14:09:00,278,-2,280,peppebusa,L0800PY9,3891,228.0,19.230769230769234,50.0
649,2018-03-22 14:09:00,142,-138,280,ciupi,ULGLPPP9,3879,142.0,0.0,0.0
650,2018-03-22 14:09:00,182,-138,320,siraxl,RR0RUV,3866,162.0,7.6923076923076925,20.0
651,2018-03-22 14:09:00,141,-179,320,hdd Crew,J892LVVU,3843,141.0,0.0,0.0
652,2018-03-22 14:09:00,449,49,400,Daddorix,RRJPLUVU,3830,401.0,18.461538461538463,48.0
653,2018-03-22 14:09:00,240,0,240,Slang,JGR8Q9U,3817,232.0,3.076923076923077,8.0
654,2018-03-22 14:09:00,148,68,80,ValeBuongio,CVJVVRU2,3811,92.0,21.53846153846154,56.0
655,2018-03-22 14:09:00,73,-207,280,$imone04,PCGG9QLG,3809,73.0,0.0,0.0
656,2018-03-22 16:55:00,708,428,280,Shiuvan,22GQPCJJP,4753,626.0,31.538461538461537,82.0
657,2018-03-22 16:55:00,540,100,440,Adrypok,20RVR029R,4532,492.0,18.461538461538463,48.0
658,2018-03-22 16:55:00,801,361,440,TheSonicSliver,9LG8QV2G,4416,791.0,3.8461538461538463,10.0
659,2018-03-22 16:55:00,417,97,320,Asgarabaddad,PQ0LL9Y2,4378,370.0,18.076923076923077,47.0
660,2018-03-22 16:55:00,504,144,360,Nakakata,8G2JCQ0Q2,4376,484.0,7.6923076923076925,20.0
661,2018-03-22 16:55:00,495,55,440,Xernakam,Y2UV98Y0,4349,477.0,6.923076923076923,18.0
662,2018-03-22 16:55:00,160,-120,280,eiirp,GU8YYUPL,4325,160.0,0.0,0.0
663,2018-03-22 16:55:00,101,-219,320,Oliver,99888JG,4286,101.0,0.0,0.0
664,2018-03-22 16:55:00,392,-48,440,dani11cali,9JUUVUL2,4271,344.0,18.461538461538463,48.0
665,2018-03-22 16:55:00,729,289,440,Eisenheim,80QQVCQ8G,4230,691.0,14.615384615384617,38.0
666,2018-03-22 16:55:00,36,-44,80,Raf ó Pipistrel,PQ2LULU,4205,36.0,0.0,0.0
667,2018-03-22 16:55:00,581,101,480,Skoy,8RLVV20PY,4196,581.0,0.0,0.0
668,2018-03-22 16:55:00,154,-126,280,Carlucciello,J0JV0C8,4181,154.0,0.0,0.0
669,2018-03-22 16:55:00,232,-208,440,El Mariachi,RUJL8R9Y,4179,232.0,0.0,0.0
670,2018-03-22 16:55:00,130,-150,280,AndreQuadros,2P92YJC,4166,130.0,0.0,0.0
671,2018-03-22 16:55:00,294,14,280,.:*AduVaN4Ik*:.,2PYJLLCU,4163,294.0,0.0,0.0
672,2018-03-22 16:55:00,322,-38,360,maurito,2V98CPRV,4153,322.0,0.0,0.0
673,2018-03-22 16:55:00,265,-95,360,moonknight1402,LC2JPCQ,4132,255.0,3.8461538461538463,10.0
674,2018-03-22 16:55:00,457,89,368,Rixy,LGV2GR0P,4113,449.0,3.076923076923077,8.0
675,2018-03-22 16:55:00,172,12,160,Massi,2Q90G92R,4091,172.0,0.0,0.0
676,2018-03-22 16:55:00,146,-54,200,cartero,LQ2U2V2Y,4066,146.0,0.0,0.0
677,2018-03-22 16:55:00,416,-24,440,antonio,URG2UJJ2,4055,396.0,7.6923076923076925,20.0
678,2018-03-22 16:55:00,362,-70,432,sydmirror,82UUP9QLR,4024,334.0,10.76923076923077,28.0
679,2018-03-22 16:55:00,222,-58,280,PEKKATORE,89YRQ9R0P,4010,212.0,3.8461538461538463,10.0
680,2018-03-22 16:55:00,279,-1,280,ninonà,LJ2P2UJQ,4008,279.0,0.0,0.0
681,2018-03-22 16:55:00,46,6,40,AndiGarcia,PCLR990U,4005,46.0,0.0,0.0
682,2018-03-22 16:55:00,130,-30,160,JoWood,2CGJVY0Q,3997,102.0,10.76923076923077,28.0
683,2018-03-22 16:55:00,32,-128,160,Ivan,CGP89PV0,3976,32.0,0.0,0.0
684,2018-03-22 16:55:00,508,148,360,sally snow,LR82Q9C9,3970,492.0,6.153846153846154,16.0
685,2018-03-22 16:55:00,657,217,440,Karma,2QJU2YY92,3970,617.0,15.384615384615385,40.0
686,2018-03-22 16:55:00,90,-70,160,TopAngy,JCPYJLVG,3960,70.0,7.6923076923076925,20.0
687,2018-03-22 16:55:00,323,3,320,Red,2CPR9L20,3960,305.0,6.923076923076923,18.0
688,2018-03-22 16:55:00,255,15,240,macomaco,UJP8LVUL,3954,255.0,0.0,0.0
689,2018-03-22 16:55:00,179,-141,320,Porkys,LVGP9Q9G,3947,179.0,0.0,0.0
690,2018-03-22 16:55:00,0,-80,80,prince,9C9VJLJC,3921,0.0,0.0,0.0
691,2018-03-22 16:55:00,204,44,160,cippi03,PGQVY99V,3905,204.0,0.0,0.0
692,2018-03-22 16:55:00,278,-2,280,peppebusa,L0800PY9,3891,278.0,0.0,0.0
693,2018-03-22 16:55:00,78,-2,80,SCANDALOSA,20UGP2P0Q,3885,28.0,19.230769230769234,50.0
694,2018-03-22 16:55:00,143,-177,320,ciupi,ULGLPPP9,3879,142.0,0.38461538461538464,1.0
695,2018-03-22 16:55:00,535,175,360,Lord Albert,2QPCJ9CV9,3872,463.0,27.692307692307693,72.0
696,2018-03-22 16:55:00,182,-138,320,siraxl,RR0RUV,3866,182.0,0.0,0.0
697,2018-03-22 16:55:00,141,-179,320,hdd Crew,J892LVVU,3843,141.0,0.0,0.0
698,2018-03-22 16:55:00,459,19,440,Daddorix,RRJPLUVU,3830,449.0,3.8461538461538463,10.0
699,2018-03-22 16:55:00,240,0,240,Slang,JGR8Q9U,3817,240.0,0.0,0.0
700,2018-03-22 16:55:00,186,66,120,ValeBuongio,CVJVVRU2,3811,148.0,14.615384615384617,38.0
701,2018-03-22 16:55:00,73,-207,280,$imone04,PCGG9QLG,3809,73.0,0.0,0.0
702,2018-03-24 23:40:00,1020,580,440,Shiuvan,22GQPCJJP,4658,708.0,100.0,260.0
703,2018-03-24 23:40:00,1255,535,720,TheSonicSliver,9LG8QV2G,4416,801.0,100.0,260.0
704,2018-03-24 23:40:00,707,147,560,Asgarabaddad,PQ0LL9Y2,4408,417.0,100.0,260.0
705,2018-03-24 23:40:00,1074,354,720,Eisenheim,80QQVCQ8G,4406,729.0,100.0,260.0
706,2018-03-24 23:40:00,272,-248,520,Carlucciello,J0JV0C8,4387,154.0,45.38461538461539,118.0
707,2018-03-24 23:40:00,1032,312,720,Adrypok,20RVR029R,4361,540.0,100.0,260.0
708,2018-03-24 23:40:00,725,5,720,Xernakam,Y2UV98Y0,4354,495.0,88.46153846153845,230.0
709,2018-03-24 23:40:00,311,-209,520,Oliver,99888JG,4312,101.0,80.76923076923077,210.0
710,2018-03-24 23:40:00,324,-196,520,eiirp,GU8YYUPL,4293,160.0,63.07692307692307,164.0
711,2018-03-24 23:40:00,820,260,560,Nakakata,8G2JCQ0Q2,4288,504.0,100.0,260.0
712,2018-03-24 23:40:00,546,-134,680,dani11cali,9JUUVUL2,4243,392.0,59.23076923076923,154.0
713,2018-03-24 23:40:00,368,-112,480,PEKKATORE,89YRQ9R0P,4214,222.0,56.15384615384615,146.0
714,2018-03-24 23:40:00,110,-250,360,Ivan,CGP89PV0,4212,32.0,30.0,78.0
715,2018-03-24 23:40:00,110,-90,200,Raf ó Pipistrel,PQ2LULU,4203,36.0,28.46153846153846,74.0
716,2018-03-24 23:40:00,620,20,600,Rixy,LGV2GR0P,4170,457.0,62.69230769230769,163.0
717,2018-03-24 23:40:00,342,-138,480,.:*AduVaN4Ik*:.,2PYJLLCU,4153,294.0,18.461538461538463,48.0
718,2018-03-24 23:40:00,464,-216,680,El Mariachi,RUJL8R9Y,4142,232.0,89.23076923076924,232.0
719,2018-03-24 23:40:00,409,-191,600,moonknight1402,LC2JPCQ,4128,265.0,55.38461538461539,144.0
720,2018-03-24 23:40:00,374,54,320,Massi,2Q90G92R,4117,172.0,77.6923076923077,202.0
721,2018-03-24 23:40:00,198,-202,400,AndreQuadros,2P92YJC,4108,130.0,26.153846153846157,68.0
722,2018-03-24 23:40:00,475,-45,520,ninonà,LJ2P2UJQ,4095,279.0,75.38461538461539,196.0
723,2018-03-24 23:40:00,202,-78,280,cartero,LQ2U2V2Y,4066,146.0,21.53846153846154,56.0
724,2018-03-24 23:40:00,636,-4,640,maurito,2V98CPRV,4058,322.0,100.0,260.0
725,2018-03-24 23:40:00,546,-174,720,antonio,URG2UJJ2,4055,416.0,50.0,130.0
726,2018-03-24 23:40:00,512,-8,520,peppebusa,L0800PY9,4043,278.0,90.0,234.0
727,2018-03-24 23:40:00,526,86,440,macomaco,UJP8LVUL,4017,255.0,100.0,260.0
728,2018-03-24 23:40:00,166,46,120,AndiGarcia,PCLR990U,4005,46.0,46.15384615384615,120.0
729,2018-03-24 23:40:00,222,-18,240,JoWood,2CGJVY0Q,4002,130.0,35.38461538461539,92.0
730,2018-03-24 23:40:00,658,-22,680,sydmirror,82UUP9QLR,4002,362.0,100.0,260.0
731,2018-03-24 23:40:00,857,257,600,sally snow,LR82Q9C9,4001,508.0,100.0,260.0
732,2018-03-24 23:40:00,913,163,750,Skoy,8RLVV20PY,3992,581.0,100.0,260.0
733,2018-03-24 23:40:00,176,-104,280,TopAngy,JCPYJLVG,3965,90.0,33.07692307692307,86.0
734,2018-03-24 23:40:00,598,38,560,Red,2CPR9L20,3960,323.0,100.0,260.0
735,2018-03-24 23:40:00,520,0,520,Porkys,LVGP9Q9G,3947,179.0,100.0,260.0
736,2018-03-24 23:40:00,104,-56,160,SCANDALOSA,20UGP2P0Q,3945,78.0,10.0,26.0
737,2018-03-24 23:40:00,1093,413,680,Karma,2QJU2YY92,3941,657.0,100.0,260.0
738,2018-03-24 23:40:00,821,261,560,Lord Albert,2QPCJ9CV9,3872,535.0,100.0,260.0
739,2018-03-24 23:40:00,336,-144,480,siraxl,RR0RUV,3866,182.0,59.23076923076923,154.0
740,2018-03-24 23:40:00,392,-8,400,Slang,JGR8Q9U,3847,240.0,58.46153846153847,152.0
741,2018-03-24 23:40:00,330,50,280,cippi03,PGQVY99V,3843,204.0,48.46153846153846,126.0
742,2018-03-24 23:40:00,641,-39,680,Daddorix,RRJPLUVU,3827,459.0,70.0,182.0
743,2018-03-24 23:40:00,196,-284,480,hdd Crew,J892LVVU,3826,141.0,21.153846153846153,55.0
744,2018-03-24 23:40:00,203,-277,480,$imone04,PCGG9QLG,3780,73.0,50.0,130.0
745,2018-03-24 23:40:00,201,-319,520,ciupi,ULGLPPP9,3740,143.0,22.30769230769231,58.0
746,2018-03-24 23:40:00,349,109,240,ValeBuongio,CVJVVRU2,3722,186.0,62.69230769230769,163.0
747,2018-03-25 12:42:29,1116,636,480,Shiuvan,22GQPCJJP,4722,1020.0,36.92307692307693,96.0
748,2018-03-25 12:42:29,1349,589,760,TheSonicSliver,9LG8QV2G,4416,1255.0,36.15384615384615,94.0
749,2018-03-25 12:42:29,1190,430,760,Eisenheim,80QQVCQ8G,4406,1074.0,44.61538461538462,116.0
750,2018-03-25 12:42:29,362,-198,560,Carlucciello,J0JV0C8,4387,272.0,34.61538461538461,90.0
751,2018-03-25 12:42:29,735,95,640,Asgarabaddad,PQ0LL9Y2,4379,707.0,10.76923076923077,28.0
752,2018-03-25 12:42:29,1082,322,760,Adrypok,20RVR029R,4335,1032.0,19.230769230769234,50.0
753,2018-03-25 12:42:29,860,260,600,Nakakata,8G2JCQ0Q2,4318,820.0,15.384615384615385,40.0
754,2018-03-25 12:42:29,331,-229,560,Oliver,99888JG,4312,311.0,7.6923076923076925,20.0
755,2018-03-25 12:42:29,827,67,760,Xernakam,Y2UV98Y0,4294,725.0,39.23076923076923,102.0
756,2018-03-25 12:42:29,354,-206,560,eiirp,GU8YYUPL,4293,324.0,11.538461538461538,30.0
757,2018-03-25 12:42:29,210,-190,400,Ivan,CGP89PV0,4251,110.0,38.46153846153847,100.0
758,2018-03-25 12:42:29,576,-144,720,dani11cali,9JUUVUL2,4243,546.0,11.538461538461538,30.0
759,2018-03-25 12:42:29,573,13,560,ninonà,LJ2P2UJQ,4238,475.0,37.69230769230769,98.0
760,2018-03-25 12:42:29,406,-154,560,PEKKATORE,89YRQ9R0P,4214,368.0,14.615384615384617,38.0
761,2018-03-25 12:42:29,110,-90,200,Raf ó Pipistrel,PQ2LULU,4203,110.0,0.0,0.0
762,2018-03-25 12:42:29,449,-191,640,moonknight1402,LC2JPCQ,4158,409.0,15.384615384615385,40.0
763,2018-03-25 12:42:29,512,-248,760,El Mariachi,RUJL8R9Y,4143,464.0,18.461538461538463,48.0
764,2018-03-25 12:42:29,698,58,640,Rixy,LGV2GR0P,4138,620.0,30.0,78.0
765,2018-03-25 12:42:29,684,4,680,maurito,2V98CPRV,4126,636.0,18.461538461538463,48.0
766,2018-03-25 12:42:29,394,34,360,Massi,2Q90G92R,4117,374.0,7.6923076923076925,20.0
767,2018-03-25 12:42:29,198,-242,440,AndreQuadros,2P92YJC,4111,198.0,0.0,0.0
768,2018-03-25 12:42:29,390,-130,520,.:*AduVaN4Ik*:.,2PYJLLCU,4093,342.0,18.461538461538463,48.0
769,2018-03-25 12:42:29,212,-148,360,cartero,LQ2U2V2Y,4066,202.0,3.8461538461538463,10.0
770,2018-03-25 12:42:29,576,-224,800,antonio,URG2UJJ2,4055,546.0,11.538461538461538,30.0
771,2018-03-25 12:42:29,540,-20,560,peppebusa,L0800PY9,4043,512.0,10.76923076923077,28.0
772,2018-03-25 12:42:29,678,-42,720,sydmirror,82UUP9QLR,4032,658.0,7.6923076923076925,20.0
773,2018-03-25 12:42:29,616,136,480,macomaco,UJP8LVUL,4010,526.0,34.61538461538461,90.0
774,2018-03-25 12:42:29,216,56,160,AndiGarcia,PCLR990U,4005,166.0,19.230769230769234,50.0
775,2018-03-25 12:42:29,222,-18,240,JoWood,2CGJVY0Q,4002,222.0,0.0,0.0
776,2018-03-25 12:42:29,915,275,640,sally snow,LR82Q9C9,4001,857.0,22.30769230769231,58.0
777,2018-03-25 12:42:29,933,143,790,Skoy,8RLVV20PY,3993,913.0,7.6923076923076925,20.0
778,2018-03-25 12:42:29,628,28,600,Red,2CPR9L20,3990,598.0,11.538461538461538,30.0
779,2018-03-25 12:42:29,176,-104,280,TopAngy,JCPYJLVG,3965,176.0,0.0,0.0
780,2018-03-25 12:42:29,628,28,600,Porkys,LVGP9Q9G,3947,520.0,41.53846153846154,108.0
781,2018-03-25 12:42:29,104,-56,160,SCANDALOSA,20UGP2P0Q,3945,104.0,0.0,0.0
782,2018-03-25 12:42:29,1151,431,720,Karma,2QJU2YY92,3915,1093.0,22.30769230769231,58.0
783,2018-03-25 12:42:29,226,-294,520,hdd Crew,J892LVVU,3884,196.0,11.538461538461538,30.0
784,2018-03-25 12:42:29,831,191,640,Lord Albert,2QPCJ9CV9,3872,821.0,3.8461538461538463,10.0
785,2018-03-25 12:42:29,336,-144,480,siraxl,RR0RUV,3866,336.0,0.0,0.0
786,2018-03-25 12:42:29,368,48,320,cippi03,PGQVY99V,3843,330.0,14.615384615384617,38.0
787,2018-03-25 12:42:29,432,-48,480,Slang,JGR8Q9U,3817,392.0,15.384615384615385,40.0
788,2018-03-25 12:42:29,679,-41,720,Daddorix,RRJPLUVU,3797,641.0,14.615384615384617,38.0
789,2018-03-25 12:42:29,213,-307,520,$imone04,PCGG9QLG,3780,203.0,3.8461538461538463,10.0
790,2018-03-25 12:42:29,229,-331,560,ciupi,ULGLPPP9,3764,201.0,10.76923076923077,28.0
791,2018-03-25 12:42:29,359,79,280,ValeBuongio,CVJVVRU2,3722,349.0,3.8461538461538463,10.0
792,2018-03-25 12:51:35,1126,646,480,Shiuvan,22GQPCJJP,4720,1116.0,3.8461538461538463,10.0
793,2018-03-25 12:51:35,1349,589,760,TheSonicSliver,9LG8QV2G,4416,1349.0,0.0,0.0
794,2018-03-25 12:51:35,735,95,640,Asgarabaddad,PQ0LL9Y2,4407,735.0,0.0,0.0
795,2018-03-25 12:51:35,1200,440,760,Eisenheim,80QQVCQ8G,4406,1190.0,3.8461538461538463,10.0
796,2018-03-25 12:51:35,372,-188,560,Carlucciello,J0JV0C8,4387,362.0,3.8461538461538463,10.0
797,2018-03-25 12:51:35,1082,322,760,Adrypok,20RVR029R,4335,1082.0,0.0,0.0
798,2018-03-25 12:51:35,860,260,600,Nakakata,8G2JCQ0Q2,4318,860.0,0.0,0.0
799,2018-03-25 12:51:35,331,-229,560,Oliver,99888JG,4312,331.0,0.0,0.0
800,2018-03-25 12:51:35,827,67,760,Xernakam,Y2UV98Y0,4294,827.0,0.0,0.0
801,2018-03-25 12:51:35,354,-206,560,eiirp,GU8YYUPL,4293,354.0,0.0,0.0
802,2018-03-25 12:51:35,210,-190,400,Ivan,CGP89PV0,4251,210.0,0.0,0.0
803,2018-03-25 12:51:35,576,-144,720,dani11cali,9JUUVUL2,4243,576.0,0.0,0.0
804,2018-03-25 12:51:35,406,-154,560,PEKKATORE,89YRQ9R0P,4214,406.0,0.0,0.0
805,2018-03-25 12:51:35,110,-90,200,Raf ó Pipistrel,PQ2LULU,4203,110.0,0.0,0.0
806,2018-03-25 12:51:35,583,23,560,ninonà,LJ2P2UJQ,4181,573.0,3.8461538461538463,10.0
807,2018-03-25 12:51:35,449,-191,640,moonknight1402,LC2JPCQ,4158,449.0,0.0,0.0
808,2018-03-25 12:51:35,512,-248,760,El Mariachi,RUJL8R9Y,4143,512.0,0.0,0.0
809,2018-03-25 12:51:35,698,58,640,Rixy,LGV2GR0P,4138,698.0,0.0,0.0
810,2018-03-25 12:51:35,684,4,680,maurito,2V98CPRV,4126,684.0,0.0,0.0
811,2018-03-25 12:51:35,394,34,360,Massi,2Q90G92R,4117,394.0,0.0,0.0
812,2018-03-25 12:51:35,198,-242,440,AndreQuadros,2P92YJC,4111,198.0,0.0,0.0
813,2018-03-25 12:51:35,390,-130,520,.:*AduVaN4Ik*:.,2PYJLLCU,4093,390.0,0.0,0.0
814,2018-03-25 12:51:35,212,-148,360,cartero,LQ2U2V2Y,4066,212.0,0.0,0.0
815,2018-03-25 12:51:35,576,-224,800,antonio,URG2UJJ2,4055,576.0,0.0,0.0
816,2018-03-25 12:51:35,540,-20,560,peppebusa,L0800PY9,4043,540.0,0.0,0.0
817,2018-03-25 12:51:35,678,-42,720,sydmirror,82UUP9QLR,4032,678.0,0.0,0.0
818,2018-03-25 12:51:35,616,136,480,macomaco,UJP8LVUL,4010,616.0,0.0,0.0
819,2018-03-25 12:51:35,216,56,160,AndiGarcia,PCLR990U,4005,216.0,0.0,0.0
820,2018-03-25 12:51:35,222,-18,240,JoWood,2CGJVY0Q,4002,222.0,0.0,0.0
821,2018-03-25 12:51:35,915,275,640,sally snow,LR82Q9C9,4001,915.0,0.0,0.0
822,2018-03-25 12:51:35,933,143,790,Skoy,8RLVV20PY,3993,933.0,0.0,0.0
823,2018-03-25 12:51:35,628,28,600,Red,2CPR9L20,3990,628.0,0.0,0.0
824,2018-03-25 12:51:35,176,-104,280,TopAngy,JCPYJLVG,3965,176.0,0.0,0.0
825,2018-03-25 12:51:35,628,28,600,Porkys,LVGP9Q9G,3947,628.0,0.0,0.0
826,2018-03-25 12:51:35,104,-96,200,SCANDALOSA,20UGP2P0Q,3945,104.0,0.0,0.0
827,2018-03-25 12:51:35,1151,431,720,Karma,2QJU2YY92,3915,1151.0,0.0,0.0
828,2018-03-25 12:51:35,226,-294,520,hdd Crew,J892LVVU,3884,226.0,0.0,0.0
829,2018-03-25 12:51:35,831,191,640,Lord Albert,2QPCJ9CV9,3872,831.0,0.0,0.0
830,2018-03-25 12:51:35,336,-144,480,siraxl,RR0RUV,3866,336.0,0.0,0.0
831,2018-03-25 12:51:35,368,48,320,cippi03,PGQVY99V,3843,368.0,0.0,0.0
832,2018-03-25 12:51:35,432,-48,480,Slang,JGR8Q9U,3786,432.0,0.0,0.0
833,2018-03-25 12:51:35,213,-307,520,$imone04,PCGG9QLG,3780,213.0,0.0,0.0
834,2018-03-25 12:51:35,229,-331,560,ciupi,ULGLPPP9,3764,229.0,0.0,0.0
835,2018-03-25 12:51:35,359,79,280,ValeBuongio,CVJVVRU2,3722,359.0,0.0,0.0
836,2018-03-25 12:51:35,679,-41,720,Daddorix,RRJPLUVU,3710,679.0,0.0,0.0
837,2018-03-25 13:49:19,1136,656,480,Shiuvan,22GQPCJJP,4688,1126.0,3.8461538461538463,10.0
838,2018-03-25 13:49:19,1349,589,760,TheSonicSliver,9LG8QV2G,4416,1349.0,0.0,0.0
839,2018-03-25 13:49:19,735,95,640,Asgarabaddad,PQ0LL9Y2,4407,735.0,0.0,0.0
840,2018-03-25 13:49:19,1210,450,760,Eisenheim,80QQVCQ8G,4406,1200.0,3.8461538461538463,10.0
841,2018-03-25 13:49:19,372,-188,560,Carlucciello,J0JV0C8,4387,372.0,0.0,0.0
842,2018-03-25 13:49:19,1082,322,760,Adrypok,20RVR029R,4335,1082.0,0.0,0.0
843,2018-03-25 13:49:19,860,260,600,Nakakata,8G2JCQ0Q2,4318,860.0,0.0,0.0
844,2018-03-25 13:49:19,331,-229,560,Oliver,99888JG,4312,331.0,0.0,0.0
845,2018-03-25 13:49:19,210,-190,400,Ivan,CGP89PV0,4302,210.0,0.0,0.0
846,2018-03-25 13:49:19,827,67,760,Xernakam,Y2UV98Y0,4294,827.0,0.0,0.0
847,2018-03-25 13:49:19,354,-206,560,eiirp,GU8YYUPL,4293,354.0,0.0,0.0
848,2018-03-25 13:49:19,583,23,560,ninonà,LJ2P2UJQ,4243,583.0,0.0,0.0
849,2018-03-25 13:49:19,576,-144,720,dani11cali,9JUUVUL2,4243,576.0,0.0,0.0
850,2018-03-25 13:49:19,684,4,680,maurito,2V98CPRV,4215,684.0,0.0,0.0
851,2018-03-25 13:49:19,406,-154,560,PEKKATORE,89YRQ9R0P,4214,406.0,0.0,0.0
852,2018-03-25 13:49:19,110,-90,200,Raf ó Pipistrel,PQ2LULU,4203,110.0,0.0,0.0
853,2018-03-25 13:49:19,449,-191,640,moonknight1402,LC2JPCQ,4158,449.0,0.0,0.0
854,2018-03-25 13:49:19,512,-248,760,El Mariachi,RUJL8R9Y,4145,512.0,0.0,0.0
855,2018-03-25 13:49:19,708,68,640,Rixy,LGV2GR0P,4138,698.0,3.8461538461538463,10.0
856,2018-03-25 13:49:19,394,34,360,Massi,2Q90G92R,4117,394.0,0.0,0.0
857,2018-03-25 13:49:19,198,-242,440,AndreQuadros,2P92YJC,4111,198.0,0.0,0.0
858,2018-03-25 13:49:19,390,-130,520,.:*AduVaN4Ik*:.,2PYJLLCU,4093,390.0,0.0,0.0
859,2018-03-25 13:49:19,212,-148,360,cartero,LQ2U2V2Y,4066,212.0,0.0,0.0
860,2018-03-25 13:49:19,576,-224,800,antonio,URG2UJJ2,4055,576.0,0.0,0.0
861,2018-03-25 13:49:19,540,-20,560,peppebusa,L0800PY9,4043,540.0,0.0,0.0
862,2018-03-25 13:49:19,688,-32,720,sydmirror,82UUP9QLR,4032,678.0,3.8461538461538463,10.0
863,2018-03-25 13:49:19,616,136,480,macomaco,UJP8LVUL,4010,616.0,0.0,0.0
864,2018-03-25 13:49:19,216,56,160,AndiGarcia,PCLR990U,4005,216.0,0.0,0.0
865,2018-03-25 13:49:19,222,-18,240,JoWood,2CGJVY0Q,4002,222.0,0.0,0.0
866,2018-03-25 13:49:19,915,275,640,sally snow,LR82Q9C9,4001,915.0,0.0,0.0
867,2018-03-25 13:49:19,933,143,790,Skoy,8RLVV20PY,3993,933.0,0.0,0.0
868,2018-03-25 13:49:19,628,28,600,Red,2CPR9L20,3990,628.0,0.0,0.0
869,2018-03-25 13:49:19,176,-104,280,TopAngy,JCPYJLVG,3965,176.0,0.0,0.0
870,2018-03-25 13:49:19,628,28,600,Porkys,LVGP9Q9G,3947,628.0,0.0,0.0
871,2018-03-25 13:49:19,104,-96,200,SCANDALOSA,20UGP2P0Q,3945,104.0,0.0,0.0
872,2018-03-25 13:49:19,1151,431,720,Karma,2QJU2YY92,3915,1151.0,0.0,0.0
873,2018-03-25 13:49:19,226,-294,520,hdd Crew,J892LVVU,3911,226.0,0.0,0.0
874,2018-03-25 13:49:19,831,191,640,Lord Albert,2QPCJ9CV9,3872,831.0,0.0,0.0
875,2018-03-25 13:49:19,336,-184,520,siraxl,RR0RUV,3866,336.0,0.0,0.0
876,2018-03-25 13:49:19,368,48,320,cippi03,PGQVY99V,3843,368.0,0.0,0.0
877,2018-03-25 13:49:19,229,-331,560,ciupi,ULGLPPP9,3824,229.0,0.0,0.0
878,2018-03-25 13:49:19,432,-48,480,Slang,JGR8Q9U,3786,432.0,0.0,0.0
879,2018-03-25 13:49:19,213,-307,520,$imone04,PCGG9QLG,3780,213.0,0.0,0.0
880,2018-03-25 13:49:19,359,79,280,ValeBuongio,CVJVVRU2,3722,359.0,0.0,0.0
881,2018-03-25 13:49:19,679,-41,720,Daddorix,RRJPLUVU,3681,679.0,0.0,0.0
882,2018-03-25 15:20:30,1136,656,480,Shiuvan,22GQPCJJP,4688,1136.0,0.0,0.0
883,2018-03-25 15:20:30,1357,597,760,TheSonicSliver,9LG8QV2G,4416,1349.0,3.076923076923077,8.0
884,2018-03-25 15:20:30,735,95,640,Asgarabaddad,PQ0LL9Y2,4407,735.0,0.0,0.0
885,2018-03-25 15:20:30,1210,450,760,Eisenheim,80QQVCQ8G,4406,1210.0,0.0,0.0
886,2018-03-25 15:20:30,1098,338,760,Adrypok,20RVR029R,4395,1082.0,6.153846153846154,16.0
887,2018-03-25 15:20:30,380,-220,600,Carlucciello,J0JV0C8,4387,372.0,3.076923076923077,8.0
888,2018-03-25 15:20:30,583,23,560,ninonà,LJ2P2UJQ,4329,583.0,0.0,0.0
889,2018-03-25 15:20:30,860,260,600,Nakakata,8G2JCQ0Q2,4318,860.0,0.0,0.0
890,2018-03-25 15:20:30,331,-229,560,Oliver,99888JG,4312,331.0,0.0,0.0
891,2018-03-25 15:20:30,210,-190,400,Ivan,CGP89PV0,4301,210.0,0.0,0.0
892,2018-03-25 15:20:30,354,-206,560,eiirp,GU8YYUPL,4293,354.0,0.0,0.0
893,2018-03-25 15:20:30,827,67,760,Xernakam,Y2UV98Y0,4262,827.0,0.0,0.0
894,2018-03-25 15:20:30,684,4,680,maurito,2V98CPRV,4244,684.0,0.0,0.0
895,2018-03-25 15:20:30,576,-144,720,dani11cali,9JUUVUL2,4243,576.0,0.0,0.0
896,2018-03-25 15:20:30,406,-154,560,PEKKATORE,89YRQ9R0P,4214,406.0,0.0,0.0
897,2018-03-25 15:20:30,110,-90,200,Raf ó Pipistrel,PQ2LULU,4203,110.0,0.0,0.0
898,2018-03-25 15:20:30,449,-191,640,moonknight1402,LC2JPCQ,4158,449.0,0.0,0.0
899,2018-03-25 15:20:30,512,-248,760,El Mariachi,RUJL8R9Y,4145,512.0,0.0,0.0
900,2018-03-25 15:20:30,708,68,640,Rixy,LGV2GR0P,4138,708.0,0.0,0.0
901,2018-03-25 15:20:30,394,34,360,Massi,2Q90G92R,4117,394.0,0.0,0.0
902,2018-03-25 15:20:30,198,-242,440,AndreQuadros,2P92YJC,4111,198.0,0.0,0.0
903,2018-03-25 15:20:30,390,-130,520,.:*AduVaN4Ik*:.,2PYJLLCU,4093,390.0,0.0,0.0
904,2018-03-25 15:20:30,212,-148,360,cartero,LQ2U2V2Y,4066,212.0,0.0,0.0
905,2018-03-25 15:20:30,584,-216,800,antonio,URG2UJJ2,4055,576.0,3.076923076923077,8.0
906,2018-03-25 15:20:30,540,-20,560,peppebusa,L0800PY9,4043,540.0,0.0,0.0
907,2018-03-25 15:20:30,688,-32,720,sydmirror,82UUP9QLR,4032,688.0,0.0,0.0
908,2018-03-25 15:20:30,216,56,160,AndiGarcia,PCLR990U,4005,216.0,0.0,0.0
909,2018-03-25 15:20:30,222,-18,240,JoWood,2CGJVY0Q,4002,222.0,0.0,0.0
910,2018-03-25 15:20:30,923,283,640,sally snow,LR82Q9C9,4001,915.0,3.076923076923077,8.0
911,2018-03-25 15:20:30,933,143,790,Skoy,8RLVV20PY,3993,933.0,0.0,0.0
912,2018-03-25 15:20:30,628,28,600,Red,2CPR9L20,3990,628.0,0.0,0.0
913,2018-03-25 15:20:30,616,136,480,macomaco,UJP8LVUL,3980,616.0,0.0,0.0
914,2018-03-25 15:20:30,176,-104,280,TopAngy,JCPYJLVG,3965,176.0,0.0,0.0
915,2018-03-25 15:20:30,644,44,600,Porkys,LVGP9Q9G,3947,628.0,6.153846153846154,16.0
916,2018-03-25 15:20:30,104,-96,200,SCANDALOSA,20UGP2P0Q,3945,104.0,0.0,0.0
917,2018-03-25 15:20:30,1151,391,760,Karma,2QJU2YY92,3915,1151.0,0.0,0.0
918,2018-03-25 15:20:30,245,-315,560,ciupi,ULGLPPP9,3882,229.0,6.153846153846154,16.0
919,2018-03-25 15:20:30,831,191,640,Lord Albert,2QPCJ9CV9,3872,831.0,0.0,0.0
920,2018-03-25 15:20:30,336,-184,520,siraxl,RR0RUV,3866,336.0,0.0,0.0
921,2018-03-25 15:20:30,368,48,320,cippi03,PGQVY99V,3843,368.0,0.0,0.0
922,2018-03-25 15:20:30,226,-294,520,hdd Crew,J892LVVU,3826,226.0,0.0,0.0
923,2018-03-25 15:20:30,432,-48,480,Slang,JGR8Q9U,3786,432.0,0.0,0.0
924,2018-03-25 15:20:30,213,-307,520,$imone04,PCGG9QLG,3780,213.0,0.0,0.0
925,2018-03-25 15:20:30,359,79,280,ValeBuongio,CVJVVRU2,3722,359.0,0.0,0.0
926,2018-03-25 15:20:30,679,-41,720,Daddorix,RRJPLUVU,3681,679.0,0.0,0.0
927,2018-03-26 17:07:53,0,-40,40,Shiuvan,22GQPCJJP,4605,1136.0,0.0,0.0
928,2018-03-26 17:07:53,82,2,80,TheSonicSliver,9LG8QV2G,4474,1357.0,0.0,0.0
929,2018-03-26 17:07:53,190,110,80,Adrypok,20RVR029R,4408,1098.0,0.0,0.0
930,2018-03-26 17:07:53,72,-8,80,Asgarabaddad,PQ0LL9Y2,4407,735.0,0.0,0.0
931,2018-03-26 17:07:53,44,-36,80,Carlucciello,J0JV0C8,4387,380.0,0.0,0.0
932,2018-03-26 17:07:53,106,26,80,Nakakata,8G2JCQ0Q2,4386,860.0,0.0,0.0
933,2018-03-26 17:07:53,30,-10,40,Oliver,99888JG,4368,331.0,0.0,0.0
934,2018-03-26 17:07:53,66,26,40,ninonà,LJ2P2UJQ,4357,583.0,0.0,0.0
935,2018-03-26 17:07:53,118,38,80,Eisenheim,80QQVCQ8G,4314,1210.0,0.0,0.0
936,2018-03-26 17:07:53,34,-6,40,Raf ó Pipistrel,PQ2LULU,4300,110.0,0.0,0.0
937,2018-03-26 17:07:53,16,-24,40,eiirp,GU8YYUPL,4293,354.0,0.0,0.0
938,2018-03-26 17:07:53,96,16,80,maurito,2V98CPRV,4250,684.0,0.0,0.0
939,2018-03-26 17:07:53,54,-26,80,dani11cali,9JUUVUL2,4243,576.0,0.0,0.0
940,2018-03-26 17:07:53,42,-38,80,Xernakam,Y2UV98Y0,4229,827.0,0.0,0.0
941,2018-03-26 17:07:53,0,-50,50,PEKKATORE,89YRQ9R0P,4214,406.0,0.0,0.0
942,2018-03-26 17:07:53,100,20,80,El Mariachi,RUJL8R9Y,4204,512.0,0.0,0.0
943,2018-03-26 17:07:53,8,-32,40,Ivan,CGP89PV0,4167,210.0,0.0,0.0
944,2018-03-26 17:07:53,68,28,40,moonknight1402,LC2JPCQ,4131,449.0,0.0,0.0
945,2018-03-26 17:07:53,28,-12,40,peppebusa,L0800PY9,4127,540.0,0.0,0.0
946,2018-03-26 17:07:53,60,-20,80,Rixy,LGV2GR0P,4112,708.0,0.0,0.0
947,2018-03-26 17:07:53,8,-32,40,.:*AduVaN4Ik*:.,2PYJLLCU,4092,390.0,0.0,0.0
948,2018-03-26 17:07:53,0,0,0,AndreQuadros,2P92YJC,4083,198.0,0.0,0.0
949,2018-03-26 17:07:53,82,42,40,cartero,LQ2U2V2Y,4066,212.0,0.0,0.0
950,2018-03-26 17:07:53,116,36,80,antonio,URG2UJJ2,4055,584.0,0.0,0.0
951,2018-03-26 17:07:53,60,-20,80,Massi,2Q90G92R,4054,394.0,0.0,0.0
952,2018-03-26 17:07:53,24,-39,63,sydmirror,82UUP9QLR,4030,688.0,0.0,0.0
953,2018-03-26 17:07:53,104,24,80,Karma,2QJU2YY92,4006,1151.0,0.0,0.0
954,2018-03-26 17:07:53,0,0,0,AndiGarcia,PCLR990U,4005,216.0,0.0,0.0
955,2018-03-26 17:07:53,90,-30,120,sally snow,LR82Q9C9,4001,923.0,0.0,0.0
956,2018-03-26 17:07:53,26,-54,80,Skoy,8RLVV20PY,3995,933.0,0.0,0.0
957,2018-03-26 17:07:53,74,-6,80,TopAngy,JCPYJLVG,3965,176.0,0.0,0.0
958,2018-03-26 17:07:53,62,2,60,JoWood,2CGJVY0Q,3962,222.0,0.0,0.0
959,2018-03-26 17:07:53,74,34,40,macomaco,UJP8LVUL,3954,616.0,0.0,0.0
960,2018-03-26 17:07:53,126,86,40,Porkys,LVGP9Q9G,3947,644.0,0.0,0.0
961,2018-03-26 17:07:53,68,28,40,SCANDALOSA,20UGP2P0Q,3924,104.0,0.0,0.0
962,2018-03-26 17:07:53,62,22,40,Slang,JGR8Q9U,3903,432.0,0.0,0.0
963,2018-03-26 17:07:53,92,12,80,Lord Albert,2QPCJ9CV9,3875,831.0,0.0,0.0
964,2018-03-26 17:07:53,78,38,40,siraxl,RR0RUV,3866,336.0,0.0,0.0
965,2018-03-26 17:07:53,38,-18,56,hdd Crew,J892LVVU,3861,226.0,0.0,0.0
966,2018-03-26 17:07:53,44,4,40,cippi03,PGQVY99V,3843,368.0,0.0,0.0
967,2018-03-26 17:07:53,2,-38,40,ciupi,ULGLPPP9,3825,245.0,0.0,0.0
968,2018-03-26 17:07:53,53,13,40,Red,2CPR9L20,3820,628.0,0.0,0.0
969,2018-03-26 17:07:53,44,4,40,ValeBuongio,CVJVVRU2,3807,359.0,0.0,0.0
970,2018-03-26 17:07:53,8,-72,80,$imone04,PCGG9QLG,3695,213.0,0.0,0.0
971,2018-03-26 17:07:53,0,0,0,Daddorix,RRJPLUVU,3681,679.0,0.0,0.0
972,2018-03-26 17:45:32,0,-40,40,Shiuvan,22GQPCJJP,4605,0.0,0.0,0.0
973,2018-03-26 17:45:32,100,20,80,TheSonicSliver,9LG8QV2G,4533,82.0,6.923076923076923,18.0
974,2018-03-26 17:45:32,198,118,80,Adrypok,20RVR029R,4438,190.0,3.076923076923077,8.0
975,2018-03-26 17:45:32,72,-8,80,Asgarabaddad,PQ0LL9Y2,4407,72.0,0.0,0.0
976,2018-03-26 17:45:32,44,-36,80,Carlucciello,J0JV0C8,4387,44.0,0.0,0.0
977,2018-03-26 17:45:32,106,26,80,Nakakata,8G2JCQ0Q2,4386,106.0,0.0,0.0
978,2018-03-26 17:45:32,30,-10,40,Oliver,99888JG,4368,30.0,0.0,0.0
979,2018-03-26 17:45:32,66,26,40,ninonà,LJ2P2UJQ,4357,66.0,0.0,0.0
980,2018-03-26 17:45:32,34,-6,40,Raf ó Pipistrel,PQ2LULU,4300,34.0,0.0,0.0
981,2018-03-26 17:45:32,16,-24,40,eiirp,GU8YYUPL,4293,16.0,0.0,0.0
982,2018-03-26 17:45:32,136,56,80,Eisenheim,80QQVCQ8G,4255,118.0,6.923076923076923,18.0
983,2018-03-26 17:45:32,96,16,80,maurito,2V98CPRV,4250,96.0,0.0,0.0
984,2018-03-26 17:45:32,54,-26,80,dani11cali,9JUUVUL2,4243,54.0,0.0,0.0
985,2018-03-26 17:45:32,42,-38,80,Xernakam,Y2UV98Y0,4229,42.0,0.0,0.0
986,2018-03-26 17:45:32,0,-50,50,PEKKATORE,89YRQ9R0P,4214,0.0,0.0,0.0
987,2018-03-26 17:45:32,100,20,80,El Mariachi,RUJL8R9Y,4204,100.0,0.0,0.0
988,2018-03-26 17:45:32,8,-32,40,Ivan,CGP89PV0,4167,8.0,0.0,0.0
989,2018-03-26 17:45:32,28,-32,60,peppebusa,L0800PY9,4157,28.0,0.0,0.0
990,2018-03-26 17:45:32,68,28,40,moonknight1402,LC2JPCQ,4131,68.0,0.0,0.0
991,2018-03-26 17:45:32,60,-20,80,Rixy,LGV2GR0P,4112,60.0,0.0,0.0
992,2018-03-26 17:45:32,8,-32,40,.:*AduVaN4Ik*:.,2PYJLLCU,4092,8.0,0.0,0.0
993,2018-03-26 17:45:32,0,0,0,AndreQuadros,2P92YJC,4083,0.0,0.0,0.0
994,2018-03-26 17:45:32,82,42,40,cartero,LQ2U2V2Y,4066,82.0,0.0,0.0
995,2018-03-26 17:45:32,116,36,80,antonio,URG2UJJ2,4055,116.0,0.0,0.0
996,2018-03-26 17:45:32,60,-20,80,Massi,2Q90G92R,4054,60.0,0.0,0.0
997,2018-03-26 17:45:32,24,-39,63,sydmirror,82UUP9QLR,4030,24.0,0.0,0.0
998,2018-03-26 17:45:32,104,24,80,Karma,2QJU2YY92,4006,104.0,0.0,0.0
999,2018-03-26 17:45:32,0,0,0,AndiGarcia,PCLR990U,4005,0.0,0.0,0.0
1000,2018-03-26 17:45:32,90,-30,120,sally snow,LR82Q9C9,4001,90.0,0.0,0.0
1001,2018-03-26 17:45:32,26,-54,80,Skoy,8RLVV20PY,3995,26.0,0.0,0.0
1002,2018-03-26 17:45:32,74,-6,80,TopAngy,JCPYJLVG,3965,74.0,0.0,0.0
1003,2018-03-26 17:45:32,62,2,60,JoWood,2CGJVY0Q,3962,62.0,0.0,0.0
1004,2018-03-26 17:45:32,74,34,40,macomaco,UJP8LVUL,3954,74.0,0.0,0.0
1005,2018-03-26 17:45:32,126,86,40,Porkys,LVGP9Q9G,3947,126.0,0.0,0.0
1006,2018-03-26 17:45:32,68,28,40,SCANDALOSA,20UGP2P0Q,3924,68.0,0.0,0.0
1007,2018-03-26 17:45:32,62,22,40,Slang,JGR8Q9U,3903,62.0,0.0,0.0
1008,2018-03-26 17:45:32,92,12,80,Lord Albert,2QPCJ9CV9,3875,92.0,0.0,0.0
1009,2018-03-26 17:45:32,78,38,40,siraxl,RR0RUV,3866,78.0,0.0,0.0
1010,2018-03-26 17:45:32,44,4,40,cippi03,PGQVY99V,3843,44.0,0.0,0.0
1011,2018-03-26 17:45:32,38,-42,80,hdd Crew,J892LVVU,3834,38.0,0.0,0.0
1012,2018-03-26 17:45:32,2,-38,40,ciupi,ULGLPPP9,3825,2.0,0.0,0.0
1013,2018-03-26 17:45:32,53,13,40,Red,2CPR9L20,3820,53.0,0.0,0.0
1014,2018-03-26 17:45:32,44,4,40,ValeBuongio,CVJVVRU2,3807,44.0,0.0,0.0
1015,2018-03-26 17:45:32,8,-72,80,$imone04,PCGG9QLG,3695,8.0,0.0,0.0
1016,2018-03-26 17:45:32,0,0,0,Daddorix,RRJPLUVU,3681,0.0,0.0,0.0
1017,2018-03-26 17:51:49,0,-40,40,Shiuvan,22GQPCJJP,4605,0.0,0.0,0.0
1018,2018-03-26 17:51:49,110,30,80,TheSonicSliver,9LG8QV2G,4533,100.0,3.8461538461538463,10.0
1019,2018-03-26 17:51:49,198,118,80,Adrypok,20RVR029R,4438,198.0,0.0,0.0
1020,2018-03-26 17:51:49,72,-8,80,Asgarabaddad,PQ0LL9Y2,4407,72.0,0.0,0.0
1021,2018-03-26 17:51:49,44,-36,80,Carlucciello,J0JV0C8,4387,44.0,0.0,0.0
1022,2018-03-26 17:51:49,106,26,80,Nakakata,8G2JCQ0Q2,4386,106.0,0.0,0.0
1023,2018-03-26 17:51:49,30,-10,40,Oliver,99888JG,4368,30.0,0.0,0.0
1024,2018-03-26 17:51:49,66,26,40,ninonà,LJ2P2UJQ,4357,66.0,0.0,0.0
1025,2018-03-26 17:51:49,34,-6,40,Raf ó Pipistrel,PQ2LULU,4300,34.0,0.0,0.0
1026,2018-03-26 17:51:49,16,-24,40,eiirp,GU8YYUPL,4293,16.0,0.0,0.0
1027,2018-03-26 17:51:49,136,56,80,Eisenheim,80QQVCQ8G,4255,136.0,0.0,0.0
1028,2018-03-26 17:51:49,96,16,80,maurito,2V98CPRV,4250,96.0,0.0,0.0
1029,2018-03-26 17:51:49,54,-26,80,dani11cali,9JUUVUL2,4243,54.0,0.0,0.0
1030,2018-03-26 17:51:49,42,-38,80,Xernakam,Y2UV98Y0,4229,42.0,0.0,0.0
1031,2018-03-26 17:51:49,0,-50,50,PEKKATORE,89YRQ9R0P,4214,0.0,0.0,0.0
1032,2018-03-26 17:51:49,100,20,80,El Mariachi,RUJL8R9Y,4204,100.0,0.0,0.0
1033,2018-03-26 17:51:49,8,-32,40,Ivan,CGP89PV0,4167,8.0,0.0,0.0
1034,2018-03-26 17:51:49,28,-42,70,peppebusa,L0800PY9,4157,28.0,0.0,0.0
1035,2018-03-26 17:51:49,78,28,50,moonknight1402,LC2JPCQ,4131,68.0,3.8461538461538463,10.0
1036,2018-03-26 17:51:49,60,-20,80,Rixy,LGV2GR0P,4112,60.0,0.0,0.0
1037,2018-03-26 17:51:49,8,-32,40,.:*AduVaN4Ik*:.,2PYJLLCU,4092,8.0,0.0,0.0
1038,2018-03-26 17:51:49,0,0,0,AndreQuadros,2P92YJC,4083,0.0,0.0,0.0
1039,2018-03-26 17:51:49,82,42,40,cartero,LQ2U2V2Y,4066,82.0,0.0,0.0
1040,2018-03-26 17:51:49,116,36,80,antonio,URG2UJJ2,4055,116.0,0.0,0.0
1041,2018-03-26 17:51:49,60,-20,80,Massi,2Q90G92R,4054,60.0,0.0,0.0
1042,2018-03-26 17:51:49,24,-39,63,sydmirror,82UUP9QLR,4030,24.0,0.0,0.0
1043,2018-03-26 17:51:49,104,24,80,Karma,2QJU2YY92,4006,104.0,0.0,0.0
1044,2018-03-26 17:51:49,0,0,0,AndiGarcia,PCLR990U,4005,0.0,0.0,0.0
1045,2018-03-26 17:51:49,90,-30,120,sally snow,LR82Q9C9,4001,90.0,0.0,0.0
1046,2018-03-26 17:51:49,26,-54,80,Skoy,8RLVV20PY,3995,26.0,0.0,0.0
1047,2018-03-26 17:51:49,74,-6,80,TopAngy,JCPYJLVG,3965,74.0,0.0,0.0
1048,2018-03-26 17:51:49,62,2,60,JoWood,2CGJVY0Q,3962,62.0,0.0,0.0
1049,2018-03-26 17:51:49,74,34,40,macomaco,UJP8LVUL,3954,74.0,0.0,0.0
1050,2018-03-26 17:51:49,126,86,40,Porkys,LVGP9Q9G,3947,126.0,0.0,0.0
1051,2018-03-26 17:51:49,68,28,40,SCANDALOSA,20UGP2P0Q,3924,68.0,0.0,0.0
1052,2018-03-26 17:51:49,62,22,40,Slang,JGR8Q9U,3903,62.0,0.0,0.0
1053,2018-03-26 17:51:49,92,12,80,Lord Albert,2QPCJ9CV9,3875,92.0,0.0,0.0
1054,2018-03-26 17:51:49,78,38,40,siraxl,RR0RUV,3866,78.0,0.0,0.0
1055,2018-03-26 17:51:49,44,4,40,cippi03,PGQVY99V,3843,44.0,0.0,0.0
1056,2018-03-26 17:51:49,38,-42,80,hdd Crew,J892LVVU,3834,38.0,0.0,0.0
1057,2018-03-26 17:51:49,2,-38,40,ciupi,ULGLPPP9,3825,2.0,0.0,0.0
1058,2018-03-26 17:51:49,53,13,40,Red,2CPR9L20,3820,53.0,0.0,0.0
1059,2018-03-26 17:51:49,44,4,40,ValeBuongio,CVJVVRU2,3807,44.0,0.0,0.0
1060,2018-03-26 17:51:49,8,-72,80,$imone04,PCGG9QLG,3695,8.0,0.0,0.0
1061,2018-03-26 17:51:49,0,0,0,Daddorix,RRJPLUVU,3681,0.0,0.0,0.0
