DayofYear,name,date,donations,donationsDelta,donationsReceived,tag,trophies
78,$imone04,2018-03-19 23:22:00,11,-69,80,PCGG9QLG,3837
78,.:*AduVaN4Ik*:.,2018-03-19 23:22:00,68,28,80,2PYJLLCU,4067
78,Adrypok,2018-03-19 23:22:00,151,43,117,20RVR029R,4527
78,AndiGarcia,2018-03-19 23:22:00,0,0,0,PCLR990U,3974
78,AndreQuadros,2018-03-19 23:22:00,34,-46,80,2P92YJC,4294
78,Asgarabaddad,2018-03-19 23:22:00,119,13,120,PQ0LL9Y2,4261
78,Carlucciello,2018-03-19 23:22:00,98,18,80,J0JV0C8,4241
78,Daddorix,2018-03-19 23:22:00,154,64,90,RRJPLUVU,3877
78,Eisenheim,2018-03-19 23:22:00,220,132,120,80QQVCQ8G,4390
78,El Mariachi,2018-03-19 23:22:00,54,-34,120,RUJL8R9Y,4212
78,Ivan,2018-03-19 23:22:00,0,-40,40,CGP89PV0,3973
78,JoWood,2018-03-19 23:22:00,0,-40,40,2CGJVY0Q,3907
78,Karma,2018-03-19 23:22:00,135,45,120,2QJU2YY92,3960
78,Lord Albert,2018-03-19 23:22:00,138,62,80,2QPCJ9CV9,3804
78,Massi,2018-03-19 23:22:00,30,0,40,2Q90G92R,4065
78,Nakakata,2018-03-19 23:22:00,306,226,120,8G2JCQ0Q2,4450
78,Oliver,2018-03-19 23:22:00,39,-22,120,99888JG,4320
78,PEKKATORE,2018-03-19 23:22:00,20,-20,80,89YRQ9R0P,4069
78,Porkys,2018-03-19 23:22:00,34,0,40,LVGP9Q9G,3803
78,Raf ó Pipistrel,2018-03-19 23:22:00,10,0,40,PQ2LULU,4210
78,Red,2018-03-19 23:22:00,70,0,80,2CPR9L20,3904
78,Rixy,2018-03-19 23:22:00,119,39,80,LGV2GR0P,4163
78,Shiuvan,2018-03-19 23:22:00,46,6,40,22GQPCJJP,4475
78,Skoy,2018-03-19 23:22:00,164,4,160,8RLVV20PY,4255
78,Slang,2018-03-19 23:22:00,146,66,80,JGR8Q9U,3727
78,TheSonicSliver,2018-03-19 23:22:00,242,122,120,9LG8QV2G,4410
78,TopAngy,2018-03-19 23:22:00,26,-14,40,JCPYJLVG,4022
78,Xernakam,2018-03-19 23:22:00,133,13,120,Y2UV98Y0,4377
78,antonio,2018-03-19 23:22:00,80,-8,120,URG2UJJ2,4028
78,cartero,2018-03-19 23:22:00,36,-14,80,LQ2U2V2Y,4066
78,cippi03,2018-03-19 23:22:00,90,50,40,PGQVY99V,3936
78,ciupi,2018-03-19 23:22:00,32,-15,80,ULGLPPP9,3784
78,dani11cali,2018-03-19 23:22:00,62,-18,120,9JUUVUL2,4058
78,eiirp,2018-03-19 23:22:00,0,0,40,GU8YYUPL,4086
78,hdd Crew,2018-03-19 23:22:00,36,-44,80,J892LVVU,3793
78,macomaco,2018-03-19 23:22:00,44,4,40,UJP8LVUL,4041
78,maurito,2018-03-19 23:22:00,80,-10,120,2V98CPRV,4094
78,mitch,2018-03-19 23:22:00,176,80,120,GUG2QYPY,4307
78,moonknight1402,2018-03-19 23:22:00,136,36,120,LC2JPCQ,4040
78,ninonà,2018-03-19 23:22:00,107,-12,120,LJ2P2UJQ,4069
78,pacheko,2018-03-19 23:22:00,154,66,90,UYC0QU8,4286
78,peppebusa,2018-03-19 23:22:00,40,-10,80,L0800PY9,4055
78,prince,2018-03-19 23:22:00,0,0,40,9C9VJLJC,3921
78,ramelotto,2018-03-19 23:22:00,38,0,40,2PQVUC0PV,3671
78,sally snow,2018-03-19 23:22:00,237,117,120,LR82Q9C9,3970
78,siraxl,2018-03-19 23:22:00,46,-62,120,RR0RUV,3866
78,sydmirror,2018-03-19 23:22:00,56,-24,120,82UUP9QLR,3990
79,$imone04,2018-03-20 15:43:00,49,-111,160,PCGG9QLG,3809
79,.:*AduVaN4Ik*:.,2018-03-20 15:43:00,134,-26,160,2PYJLLCU,4126
79,Adrypok,2018-03-20 15:43:00,169,9,160,20RVR029R,4502
79,AndiGarcia,2018-03-20 15:43:00,46,6,40,PCLR990U,4005
79,AndreQuadros,2018-03-20 15:43:00,42,-78,120,2P92YJC,4294
79,Asgarabaddad,2018-03-20 15:43:00,165,5,160,PQ0LL9Y2,4261
79,Carlucciello,2018-03-20 15:43:00,126,6,120,J0JV0C8,4241
79,Daddorix,2018-03-20 15:43:00,180,20,160,RRJPLUVU,3877
79,Eisenheim,2018-03-20 15:43:00,310,110,200,80QQVCQ8G,4361
79,El Mariachi,2018-03-20 15:43:00,110,-90,200,RUJL8R9Y,4180
79,Ivan,2018-03-20 15:43:00,0,-80,80,CGP89PV0,3973
79,JoWood,2018-03-20 15:43:00,62,-18,80,2CGJVY0Q,3966
79,Karma,2018-03-20 15:43:00,280,80,200,2QJU2YY92,3908
79,Lord Albert,2018-03-20 15:43:00,230,110,120,2QPCJ9CV9,3808
79,Massi,2018-03-20 15:43:00,72,-8,80,2Q90G92R,4065
79,Nakakata,2018-03-20 15:43:00,306,146,160,8G2JCQ0Q2,4450
79,Oliver,2018-03-20 15:43:00,39,-121,160,99888JG,4320
79,PEKKATORE,2018-03-20 15:43:00,109,-11,120,89YRQ9R0P,3950
79,Porkys,2018-03-20 15:43:00,37,-43,80,LVGP9Q9G,3803
79,Raf ó Pipistrel,2018-03-20 15:43:00,10,-30,40,PQ2LULU,4123
79,Red,2018-03-20 15:43:00,126,6,120,2CPR9L20,3904
79,Rixy,2018-03-20 15:43:00,293,135,158,LGV2GR0P,4134
79,Shiuvan,2018-03-20 15:43:00,198,118,80,22GQPCJJP,4605
79,Skoy,2018-03-20 15:43:00,252,12,240,8RLVV20PY,4137
79,Slang,2018-03-20 15:43:00,180,60,120,JGR8Q9U,3758
79,TheSonicSliver,2018-03-20 15:43:00,348,148,200,9LG8QV2G,4410
79,TopAngy,2018-03-20 15:43:00,52,-28,80,JCPYJLVG,3992
79,ValeBuongio,2018-03-20 15:43:00,50,50,0,CVJVVRU2,3784
79,Xernakam,2018-03-20 15:43:00,233,33,200,Y2UV98Y0,4379
79,antonio,2018-03-20 15:43:00,164,-36,200,URG2UJJ2,4028
79,cartero,2018-03-20 15:43:00,36,-84,120,LQ2U2V2Y,4066
79,cippi03,2018-03-20 15:43:00,106,26,80,PGQVY99V,3936
79,ciupi,2018-03-20 15:43:00,81,-79,160,ULGLPPP9,3753
79,dani11cali,2018-03-20 15:43:00,148,-52,200,9JUUVUL2,4058
79,eiirp,2018-03-20 15:43:00,0,-80,80,GU8YYUPL,4086
79,hdd Crew,2018-03-20 15:43:00,84,-76,160,J892LVVU,3744
79,macomaco,2018-03-20 15:43:00,116,-4,120,UJP8LVUL,3868
79,maurito,2018-03-20 15:43:00,90,-70,160,2V98CPRV,4094
79,moonknight1402,2018-03-20 15:43:00,146,-14,160,LC2JPCQ,4040
79,ninonà,2018-03-20 15:43:00,157,-3,160,LJ2P2UJQ,4097
79,pacheko,2018-03-20 15:43:00,190,30,160,UYC0QU8,4317
79,peppebusa,2018-03-20 15:43:00,118,-42,160,L0800PY9,4117
79,prince,2018-03-20 15:43:00,0,-80,80,9C9VJLJC,3921
79,sally snow,2018-03-20 15:43:00,332,172,160,LR82Q9C9,3970
79,siraxl,2018-03-20 15:43:00,66,-94,160,RR0RUV,3866
79,sydmirror,2018-03-20 15:43:00,120,-40,160,82UUP9QLR,4086
80,$imone04,2018-03-21 23:28:00,73,-167,240,PCGG9QLG,3809
80,.:*AduVaN4Ik*:.,2018-03-21 23:28:00,252,12,240,2PYJLLCU,4100
80,Adrypok,2018-03-21 23:28:00,366,14,352,20RVR029R,4530
80,AndiGarcia,2018-03-21 23:28:00,46,6,40,PCLR990U,4005
80,AndreQuadros,2018-03-21 23:28:00,122,-118,240,2P92YJC,4352
80,Asgarabaddad,2018-03-21 23:28:00,294,54,240,PQ0LL9Y2,4379
80,Carlucciello,2018-03-21 23:28:00,144,-96,240,J0JV0C8,4210
80,Daddorix,2018-03-21 23:28:00,401,41,360,RRJPLUVU,3829
80,Eisenheim,2018-03-21 23:28:00,597,237,360,80QQVCQ8G,4232
80,El Mariachi,2018-03-21 23:28:00,196,-154,350,RUJL8R9Y,4237
80,Ivan,2018-03-21 23:28:00,24,-96,120,CGP89PV0,3977
80,JoWood,2018-03-21 23:28:00,62,-58,120,2CGJVY0Q,3937
80,Karma,2018-03-21 23:28:00,416,96,320,2QJU2YY92,3853
80,Lord Albert,2018-03-21 23:28:00,395,115,280,2QPCJ9CV9,3902
80,Massi,2018-03-21 23:28:00,172,12,160,2Q90G92R,4091
80,Nakakata,2018-03-21 23:28:00,456,176,280,8G2JCQ0Q2,4544
80,Oliver,2018-03-21 23:28:00,101,-179,280,99888JG,4286
80,PEKKATORE,2018-03-21 23:28:00,212,-28,240,89YRQ9R0P,4003
80,Porkys,2018-03-21 23:28:00,145,-95,240,LVGP9Q9G,3947
80,Raf ó Pipistrel,2018-03-21 23:28:00,36,-44,80,PQ2LULU,4205
80,Red,2018-03-21 23:28:00,231,-9,240,2CPR9L20,3904
80,Rixy,2018-03-21 23:28:00,403,107,296,LGV2GR0P,4073
80,SCANDALOSA,2018-03-21 23:28:00,0,0,0,20UGP2P0Q,3883
80,Shiuvan,2018-03-21 23:28:00,504,304,200,22GQPCJJP,4664
80,Skoy,2018-03-21 23:28:00,480,80,400,8RLVV20PY,4312
80,Slang,2018-03-21 23:28:00,232,32,200,JGR8Q9U,3763
80,TheSonicSliver,2018-03-21 23:28:00,711,351,360,9LG8QV2G,4416
80,TopAngy,2018-03-21 23:28:00,70,-50,120,JCPYJLVG,3960
80,ValeBuongio,2018-03-21 23:28:00,92,52,40,CVJVVRU2,3839
80,Xernakam,2018-03-21 23:28:00,429,69,360,Y2UV98Y0,4348
80,antonio,2018-03-21 23:28:00,332,-28,360,URG2UJJ2,4055
80,cartero,2018-03-21 23:28:00,88,-72,160,LQ2U2V2Y,4066
80,cippi03,2018-03-21 23:28:00,140,20,120,PGQVY99V,3936
80,ciupi,2018-03-21 23:28:00,142,-138,280,ULGLPPP9,3879
80,dani11cali,2018-03-21 23:28:00,286,-74,360,9JUUVUL2,4237
80,eiirp,2018-03-21 23:28:00,140,-94,234,GU8YYUPL,4325
80,hdd Crew,2018-03-21 23:28:00,141,-179,320,J892LVVU,3843
80,josue10,2018-03-21 23:28:00,0,-40,40,Y8CGR9Y9,4005
80,macomaco,2018-03-21 23:28:00,255,15,240,UJP8LVUL,3984
80,maurito,2018-03-21 23:28:00,238,-42,280,2V98CPRV,4157
80,moonknight1402,2018-03-21 23:28:00,235,-45,280,LC2JPCQ,4101
80,ninonà,2018-03-21 23:28:00,205,5,200,LJ2P2UJQ,4038
80,peppebusa,2018-03-21 23:28:00,228,-12,240,L0800PY9,3943
80,prince,2018-03-21 23:28:00,0,-80,80,9C9VJLJC,3921
80,sally snow,2018-03-21 23:28:00,416,136,280,LR82Q9C9,3970
80,siraxl,2018-03-21 23:28:00,162,-118,280,RR0RUV,3866
80,sydmirror,2018-03-21 23:28:00,296,-24,320,82UUP9QLR,3930
81,$imone04,2018-03-22 16:55:00,73,-207,280,PCGG9QLG,3809
81,.:*AduVaN4Ik*:.,2018-03-22 16:55:00,294,14,280,2PYJLLCU,4163
81,Adrypok,2018-03-22 16:55:00,540,100,440,20RVR029R,4532
81,AndiGarcia,2018-03-22 16:55:00,46,6,40,PCLR990U,4005
81,AndreQuadros,2018-03-22 16:55:00,130,-150,280,2P92YJC,4166
81,Asgarabaddad,2018-03-22 16:55:00,417,97,320,PQ0LL9Y2,4378
81,Carlucciello,2018-03-22 16:55:00,154,-126,280,J0JV0C8,4181
81,Daddorix,2018-03-22 16:55:00,459,49,440,RRJPLUVU,3830
81,Eisenheim,2018-03-22 16:55:00,729,291,440,80QQVCQ8G,4261
81,El Mariachi,2018-03-22 16:55:00,232,-208,440,RUJL8R9Y,4179
81,Ivan,2018-03-22 16:55:00,32,-128,160,CGP89PV0,3976
81,JoWood,2018-03-22 16:55:00,130,-30,160,2CGJVY0Q,3997
81,Karma,2018-03-22 16:55:00,657,217,440,2QJU2YY92,3999
81,Lord Albert,2018-03-22 16:55:00,535,175,360,2QPCJ9CV9,3902
81,Massi,2018-03-22 16:55:00,172,12,160,2Q90G92R,4091
81,Nakakata,2018-03-22 16:55:00,504,164,360,8G2JCQ0Q2,4376
81,Oliver,2018-03-22 16:55:00,101,-219,320,99888JG,4286
81,PEKKATORE,2018-03-22 16:55:00,222,-58,280,89YRQ9R0P,4010
81,Porkys,2018-03-22 16:55:00,179,-141,320,LVGP9Q9G,3947
81,Raf ó Pipistrel,2018-03-22 16:55:00,36,-44,80,PQ2LULU,4205
81,Red,2018-03-22 16:55:00,323,25,320,2CPR9L20,3960
81,Rixy,2018-03-22 16:55:00,457,89,368,LGV2GR0P,4113
81,SCANDALOSA,2018-03-22 16:55:00,78,-2,80,20UGP2P0Q,3913
81,Shiuvan,2018-03-22 16:55:00,708,428,280,22GQPCJJP,4811
81,Skoy,2018-03-22 16:55:00,581,141,480,8RLVV20PY,4200
81,Slang,2018-03-22 16:55:00,240,0,240,JGR8Q9U,3817
81,TheSonicSliver,2018-03-22 16:55:00,801,361,440,9LG8QV2G,4416
81,TopAngy,2018-03-22 16:55:00,90,-50,160,JCPYJLVG,3960
81,ValeBuongio,2018-03-22 16:55:00,186,68,120,CVJVVRU2,3811
81,Xernakam,2018-03-22 16:55:00,495,77,440,Y2UV98Y0,4377
81,antonio,2018-03-22 16:55:00,416,-24,440,URG2UJJ2,4055
81,cartero,2018-03-22 16:55:00,146,-54,200,LQ2U2V2Y,4066
81,cippi03,2018-03-22 16:55:00,204,44,160,PGQVY99V,3905
81,ciupi,2018-03-22 16:55:00,143,-138,320,ULGLPPP9,3879
81,dani11cali,2018-03-22 16:55:00,392,-48,440,9JUUVUL2,4271
81,eiirp,2018-03-22 16:55:00,160,-120,280,GU8YYUPL,4325
81,hdd Crew,2018-03-22 16:55:00,141,-179,320,J892LVVU,3843
81,macomaco,2018-03-22 16:55:00,255,15,240,UJP8LVUL,3954
81,maurito,2018-03-22 16:55:00,322,-38,360,2V98CPRV,4153
81,moonknight1402,2018-03-22 16:55:00,265,-65,360,LC2JPCQ,4132
81,ninonà,2018-03-22 16:55:00,279,-1,280,LJ2P2UJQ,4008
81,peppebusa,2018-03-22 16:55:00,278,-2,280,L0800PY9,3891
81,prince,2018-03-22 16:55:00,0,-80,80,9C9VJLJC,3921
81,sally snow,2018-03-22 16:55:00,508,172,360,LR82Q9C9,3970
81,siraxl,2018-03-22 16:55:00,182,-138,320,RR0RUV,3866
81,sydmirror,2018-03-22 16:55:00,362,-66,432,82UUP9QLR,4024
83,$imone04,2018-03-24 23:40:00,203,-277,480,PCGG9QLG,3780
83,.:*AduVaN4Ik*:.,2018-03-24 23:40:00,342,-138,480,2PYJLLCU,4153
83,Adrypok,2018-03-24 23:40:00,1032,312,720,20RVR029R,4361
83,AndiGarcia,2018-03-24 23:40:00,166,46,120,PCLR990U,4005
83,AndreQuadros,2018-03-24 23:40:00,198,-202,400,2P92YJC,4108
83,Asgarabaddad,2018-03-24 23:40:00,707,147,560,PQ0LL9Y2,4408
83,Carlucciello,2018-03-24 23:40:00,272,-248,520,J0JV0C8,4387
83,Daddorix,2018-03-24 23:40:00,641,-39,680,RRJPLUVU,3827
83,Eisenheim,2018-03-24 23:40:00,1074,354,720,80QQVCQ8G,4406
83,El Mariachi,2018-03-24 23:40:00,464,-216,680,RUJL8R9Y,4142
83,Ivan,2018-03-24 23:40:00,110,-250,360,CGP89PV0,4212
83,JoWood,2018-03-24 23:40:00,222,-18,240,2CGJVY0Q,4002
83,Karma,2018-03-24 23:40:00,1093,413,680,2QJU2YY92,3941
83,Lord Albert,2018-03-24 23:40:00,821,261,560,2QPCJ9CV9,3872
83,Massi,2018-03-24 23:40:00,374,54,320,2Q90G92R,4117
83,Nakakata,2018-03-24 23:40:00,820,260,560,8G2JCQ0Q2,4288
83,Oliver,2018-03-24 23:40:00,311,-209,520,99888JG,4312
83,PEKKATORE,2018-03-24 23:40:00,368,-112,480,89YRQ9R0P,4214
83,Porkys,2018-03-24 23:40:00,520,0,520,LVGP9Q9G,3947
83,Raf ó Pipistrel,2018-03-24 23:40:00,110,-90,200,PQ2LULU,4203
83,Red,2018-03-24 23:40:00,598,38,560,2CPR9L20,3960
83,Rixy,2018-03-24 23:40:00,620,20,600,LGV2GR0P,4170
83,SCANDALOSA,2018-03-24 23:40:00,104,-56,160,20UGP2P0Q,3945
83,Shiuvan,2018-03-24 23:40:00,1020,580,440,22GQPCJJP,4658
83,Skoy,2018-03-24 23:40:00,913,163,750,8RLVV20PY,3992
83,Slang,2018-03-24 23:40:00,392,-8,400,JGR8Q9U,3847
83,TheSonicSliver,2018-03-24 23:40:00,1255,535,720,9LG8QV2G,4416
83,TopAngy,2018-03-24 23:40:00,176,-104,280,JCPYJLVG,3965
83,ValeBuongio,2018-03-24 23:40:00,349,109,240,CVJVVRU2,3722
83,Xernakam,2018-03-24 23:40:00,725,5,720,Y2UV98Y0,4354
83,antonio,2018-03-24 23:40:00,546,-174,720,URG2UJJ2,4055
83,cartero,2018-03-24 23:40:00,202,-78,280,LQ2U2V2Y,4066
83,cippi03,2018-03-24 23:40:00,330,50,280,PGQVY99V,3843
83,ciupi,2018-03-24 23:40:00,201,-319,520,ULGLPPP9,3740
83,dani11cali,2018-03-24 23:40:00,546,-134,680,9JUUVUL2,4243
83,eiirp,2018-03-24 23:40:00,324,-196,520,GU8YYUPL,4293
83,hdd Crew,2018-03-24 23:40:00,196,-284,480,J892LVVU,3826
83,macomaco,2018-03-24 23:40:00,526,86,440,UJP8LVUL,4017
83,maurito,2018-03-24 23:40:00,636,-4,640,2V98CPRV,4058
83,moonknight1402,2018-03-24 23:40:00,409,-191,600,LC2JPCQ,4128
83,ninonà,2018-03-24 23:40:00,475,-45,520,LJ2P2UJQ,4095
83,peppebusa,2018-03-24 23:40:00,512,-8,520,L0800PY9,4043
83,sally snow,2018-03-24 23:40:00,857,257,600,LR82Q9C9,4001
83,siraxl,2018-03-24 23:40:00,336,-144,480,RR0RUV,3866
83,sydmirror,2018-03-24 23:40:00,658,-22,680,82UUP9QLR,4002
84,$imone04,2018-03-25 15:20:30,213,-307,520,PCGG9QLG,3780
84,.:*AduVaN4Ik*:.,2018-03-25 15:20:30,390,-130,520,2PYJLLCU,4093
84,Adrypok,2018-03-25 15:20:30,1098,338,760,20RVR029R,4395
84,AndiGarcia,2018-03-25 15:20:30,216,56,160,PCLR990U,4005
84,AndreQuadros,2018-03-25 15:20:30,198,-242,440,2P92YJC,4111
84,Asgarabaddad,2018-03-25 15:20:30,735,95,640,PQ0LL9Y2,4407
84,Carlucciello,2018-03-25 15:20:30,380,-188,600,J0JV0C8,4387
84,Daddorix,2018-03-25 15:20:30,679,-41,720,RRJPLUVU,3797
84,Eisenheim,2018-03-25 15:20:30,1210,450,760,80QQVCQ8G,4406
84,El Mariachi,2018-03-25 15:20:30,512,-248,760,RUJL8R9Y,4145
84,Ivan,2018-03-25 15:20:30,210,-190,400,CGP89PV0,4302
84,JoWood,2018-03-25 15:20:30,222,-18,240,2CGJVY0Q,4002
84,Karma,2018-03-25 15:20:30,1151,431,760,2QJU2YY92,3915
84,Lord Albert,2018-03-25 15:20:30,831,191,640,2QPCJ9CV9,3872
84,Massi,2018-03-25 15:20:30,394,34,360,2Q90G92R,4117
84,Nakakata,2018-03-25 15:20:30,860,260,600,8G2JCQ0Q2,4318
84,Oliver,2018-03-25 15:20:30,331,-229,560,99888JG,4312
84,PEKKATORE,2018-03-25 15:20:30,406,-154,560,89YRQ9R0P,4214
84,Porkys,2018-03-25 15:20:30,644,44,600,LVGP9Q9G,3947
84,Raf ó Pipistrel,2018-03-25 15:20:30,110,-90,200,PQ2LULU,4203
84,Red,2018-03-25 15:20:30,628,28,600,2CPR9L20,3990
84,Rixy,2018-03-25 15:20:30,708,68,640,LGV2GR0P,4138
84,SCANDALOSA,2018-03-25 15:20:30,104,-56,200,20UGP2P0Q,3945
84,Shiuvan,2018-03-25 15:20:30,1136,656,480,22GQPCJJP,4722
84,Skoy,2018-03-25 15:20:30,933,143,790,8RLVV20PY,3993
84,Slang,2018-03-25 15:20:30,432,-48,480,JGR8Q9U,3817
84,TheSonicSliver,2018-03-25 15:20:30,1357,597,760,9LG8QV2G,4416
84,TopAngy,2018-03-25 15:20:30,176,-104,280,JCPYJLVG,3965
84,ValeBuongio,2018-03-25 15:20:30,359,79,280,CVJVVRU2,3722
84,Xernakam,2018-03-25 15:20:30,827,67,760,Y2UV98Y0,4294
84,antonio,2018-03-25 15:20:30,584,-216,800,URG2UJJ2,4055
84,cartero,2018-03-25 15:20:30,212,-148,360,LQ2U2V2Y,4066
84,cippi03,2018-03-25 15:20:30,368,48,320,PGQVY99V,3843
84,ciupi,2018-03-25 15:20:30,245,-315,560,ULGLPPP9,3882
84,dani11cali,2018-03-25 15:20:30,576,-144,720,9JUUVUL2,4243
84,eiirp,2018-03-25 15:20:30,354,-206,560,GU8YYUPL,4293
84,hdd Crew,2018-03-25 15:20:30,226,-294,520,J892LVVU,3911
84,macomaco,2018-03-25 15:20:30,616,136,480,UJP8LVUL,4010
84,maurito,2018-03-25 15:20:30,684,4,680,2V98CPRV,4244
84,moonknight1402,2018-03-25 15:20:30,449,-191,640,LC2JPCQ,4158
84,ninonà,2018-03-25 15:20:30,583,23,560,LJ2P2UJQ,4329
84,peppebusa,2018-03-25 15:20:30,540,-20,560,L0800PY9,4043
84,sally snow,2018-03-25 15:20:30,923,283,640,LR82Q9C9,4001
84,siraxl,2018-03-25 15:20:30,336,-144,520,RR0RUV,3866
84,sydmirror,2018-03-25 15:20:30,688,-32,720,82UUP9QLR,4032
85,$imone04,2018-03-26 17:51:49,8,-72,80,PCGG9QLG,3695
85,.:*AduVaN4Ik*:.,2018-03-26 17:51:49,8,-32,40,2PYJLLCU,4092
85,Adrypok,2018-03-26 17:51:49,198,118,80,20RVR029R,4438
85,AndiGarcia,2018-03-26 17:51:49,0,0,0,PCLR990U,4005
85,AndreQuadros,2018-03-26 17:51:49,0,0,0,2P92YJC,4083
85,Asgarabaddad,2018-03-26 17:51:49,72,-8,80,PQ0LL9Y2,4407
85,Carlucciello,2018-03-26 17:51:49,44,-36,80,J0JV0C8,4387
85,Daddorix,2018-03-26 17:51:49,0,0,0,RRJPLUVU,3681
85,Eisenheim,2018-03-26 17:51:49,136,56,80,80QQVCQ8G,4314
85,El Mariachi,2018-03-26 17:51:49,100,20,80,RUJL8R9Y,4204
85,Ivan,2018-03-26 17:51:49,8,-32,40,CGP89PV0,4167
85,JoWood,2018-03-26 17:51:49,62,2,60,2CGJVY0Q,3962
85,Karma,2018-03-26 17:51:49,104,24,80,2QJU2YY92,4006
85,Lord Albert,2018-03-26 17:51:49,92,12,80,2QPCJ9CV9,3875
85,Massi,2018-03-26 17:51:49,60,-20,80,2Q90G92R,4054
85,Nakakata,2018-03-26 17:51:49,106,26,80,8G2JCQ0Q2,4386
85,Oliver,2018-03-26 17:51:49,30,-10,40,99888JG,4368
85,PEKKATORE,2018-03-26 17:51:49,0,-50,50,89YRQ9R0P,4214
85,Porkys,2018-03-26 17:51:49,126,86,40,LVGP9Q9G,3947
85,Raf ó Pipistrel,2018-03-26 17:51:49,34,-6,40,PQ2LULU,4300
85,Red,2018-03-26 17:51:49,53,13,40,2CPR9L20,3820
85,Rixy,2018-03-26 17:51:49,60,-20,80,LGV2GR0P,4112
85,SCANDALOSA,2018-03-26 17:51:49,68,28,40,20UGP2P0Q,3924
85,Shiuvan,2018-03-26 17:51:49,0,-40,40,22GQPCJJP,4605
85,Skoy,2018-03-26 17:51:49,26,-54,80,8RLVV20PY,3995
85,Slang,2018-03-26 17:51:49,62,22,40,JGR8Q9U,3903
85,TheSonicSliver,2018-03-26 17:51:49,110,30,80,9LG8QV2G,4533
85,TopAngy,2018-03-26 17:51:49,74,-6,80,JCPYJLVG,3965
85,ValeBuongio,2018-03-26 17:51:49,44,4,40,CVJVVRU2,3807
85,Xernakam,2018-03-26 17:51:49,42,-38,80,Y2UV98Y0,4229
85,antonio,2018-03-26 17:51:49,116,36,80,URG2UJJ2,4055
85,cartero,2018-03-26 17:51:49,82,42,40,LQ2U2V2Y,4066
85,cippi03,2018-03-26 17:51:49,44,4,40,PGQVY99V,3843
85,ciupi,2018-03-26 17:51:49,2,-38,40,ULGLPPP9,3825
85,dani11cali,2018-03-26 17:51:49,54,-26,80,9JUUVUL2,4243
85,eiirp,2018-03-26 17:51:49,16,-24,40,GU8YYUPL,4293
85,hdd Crew,2018-03-26 17:51:49,38,-18,80,J892LVVU,3861
85,macomaco,2018-03-26 17:51:49,74,34,40,UJP8LVUL,3954
85,maurito,2018-03-26 17:51:49,96,16,80,2V98CPRV,4250
85,moonknight1402,2018-03-26 17:51:49,78,28,50,LC2JPCQ,4131
85,ninonà,2018-03-26 17:51:49,66,26,40,LJ2P2UJQ,4357
85,peppebusa,2018-03-26 17:51:49,28,-12,70,L0800PY9,4157
85,sally snow,2018-03-26 17:51:49,90,-30,120,LR82Q9C9,4001
85,siraxl,2018-03-26 17:51:49,78,38,40,RR0RUV,3866
85,sydmirror,2018-03-26 17:51:49,24,-39,63,82UUP9QLR,4030
86,$imone04,2018-03-27 16:40:19,8,-152,160,PCGG9QLG,3695
86,.:*AduVaN4Ik*:.,2018-03-27 16:40:19,98,-62,160,2PYJLLCU,4241
86,Adrypok,2018-03-27 16:40:19,346,146,200,20RVR029R,4402
86,AndiGarcia,2018-03-27 16:40:19,8,-32,40,PCLR990U,4005
86,AndreQuadros,2018-03-27 16:40:19,16,-64,80,2P92YJC,4086
86,Asgarabaddad,2018-03-27 16:40:19,170,-30,200,PQ0LL9Y2,4437
86,Carlucciello,2018-03-27 16:40:19,80,-80,160,J0JV0C8,4387
86,Daddorix,2018-03-27 16:40:19,0,0,0,RRJPLUVU,3681
86,Eisenheim,2018-03-27 16:40:19,312,112,200,80QQVCQ8G,4349
86,El Mariachi,2018-03-27 16:40:19,160,10,160,RUJL8R9Y,4181
86,Ivan,2018-03-27 16:40:19,25,-95,120,CGP89PV0,4136
86,JoWood,2018-03-27 16:40:19,106,-34,140,2CGJVY0Q,3905
86,Karma,2018-03-27 16:40:19,326,126,200,2QJU2YY92,4006
86,Lord Albert,2018-03-27 16:40:19,247,47,200,2QPCJ9CV9,3822
86,Massi,2018-03-27 16:40:19,88,-32,120,2Q90G92R,4054
86,Nakakata,2018-03-27 16:40:19,402,202,200,8G2JCQ0Q2,4387
86,Oliver,2018-03-27 16:40:19,40,-80,120,99888JG,4368
86,PEKKATORE,2018-03-27 16:40:19,0,-130,130,89YRQ9R0P,4219
86,Porkys,2018-03-27 16:40:19,333,173,160,LVGP9Q9G,3949
86,Raf ó Pipistrel,2018-03-27 16:40:19,106,-14,120,PQ2LULU,4356
86,Red,2018-03-27 16:40:19,218,58,160,2CPR9L20,3939
86,Rixy,2018-03-27 16:40:19,120,-29,160,LGV2GR0P,4142
86,SCANDALOSA,2018-03-27 16:40:19,146,26,120,20UGP2P0Q,4015
86,Shiuvan,2018-03-27 16:40:19,188,108,80,22GQPCJJP,4606
86,Skoy,2018-03-27 16:40:19,200,0,200,8RLVV20PY,4077
86,Slang,2018-03-27 16:40:19,82,2,80,JGR8Q9U,3875
86,TheSonicSliver,2018-03-27 16:40:19,373,133,240,9LG8QV2G,4533
86,TopAngy,2018-03-27 16:40:19,171,-29,200,JCPYJLVG,3965
86,ValeBuongio,2018-03-27 16:40:19,54,-26,80,CVJVVRU2,3779
86,Xernakam,2018-03-27 16:40:19,180,-20,200,Y2UV98Y0,4348
86,antonio,2018-03-27 16:40:19,188,-12,200,URG2UJJ2,4084
86,cartero,2018-03-27 16:40:19,92,12,80,LQ2U2V2Y,4066
86,cippi03,2018-03-27 16:40:19,118,38,80,PGQVY99V,3843
86,ciupi,2018-03-27 16:40:19,37,-83,120,ULGLPPP9,3740
86,dani11cali,2018-03-27 16:40:19,134,-66,200,9JUUVUL2,4243
86,eiirp,2018-03-27 16:40:19,35,-125,160,GU8YYUPL,4293
86,hdd Crew,2018-03-27 16:40:19,122,-38,160,J892LVVU,3783
86,macomaco,2018-03-27 16:40:19,109,-11,120,UJP8LVUL,3984
86,maurito,2018-03-27 16:40:19,204,4,200,2V98CPRV,4314
86,moonknight1402,2018-03-27 16:40:19,86,6,80,LC2JPCQ,3956
86,ninonà,2018-03-27 16:40:19,152,32,120,LJ2P2UJQ,4302
86,peppebusa,2018-03-27 16:40:19,200,80,120,L0800PY9,4064
86,sally snow,2018-03-27 16:40:19,190,-10,200,LR82Q9C9,4001
86,siraxl,2018-03-27 16:40:19,190,30,160,RR0RUV,3895
86,sydmirror,2018-03-27 16:40:19,113,-70,183,82UUP9QLR,4030
87,$imone04,2018-03-28 17:44:48,36,-244,280,PCGG9QLG,3755
87,.:*AduVaN4Ik*:.,2018-03-28 17:44:48,162,-38,200,2PYJLLCU,4180
87,Adrypok,2018-03-28 17:44:48,529,209,320,20RVR029R,4387
87,AndiGarcia,2018-03-28 17:44:48,8,-32,40,PCLR990U,4005
87,AndreQuadros,2018-03-28 17:44:48,34,-126,160,2P92YJC,4113
87,Asgarabaddad,2018-03-28 17:44:48,344,24,320,PQ0LL9Y2,4437
87,Carlucciello,2018-03-28 17:44:48,80,-120,232,J0JV0C8,4387
87,Daddorix,2018-03-28 17:44:48,0,0,0,RRJPLUVU,3681
87,Eisenheim,2018-03-28 17:44:48,454,134,320,80QQVCQ8G,4305
87,El Mariachi,2018-03-28 17:44:48,240,0,240,RUJL8R9Y,4240
87,Ivan,2018-03-28 17:44:48,51,-149,200,CGP89PV0,4195
87,JoWood,2018-03-28 17:44:48,245,15,230,2CGJVY0Q,3965
87,Karma,2018-03-28 17:44:48,519,229,320,2QJU2YY92,4006
87,Lord Albert,2018-03-28 17:44:48,332,22,310,2QPCJ9CV9,3822
87,Massi,2018-03-28 17:44:48,116,-44,160,2Q90G92R,4054
87,Nakakata,2018-03-28 17:44:48,596,276,320,8G2JCQ0Q2,4625
87,Oliver,2018-03-28 17:44:48,92,-138,240,99888JG,4455
87,PEKKATORE,2018-03-28 17:44:48,10,-200,210,89YRQ9R0P,4244
87,Porkys,2018-03-28 17:44:48,429,181,280,LVGP9Q9G,3949
87,Raf ó Pipistrel,2018-03-28 17:44:48,106,-14,120,PQ2LULU,4356
87,Red,2018-03-28 17:44:48,371,93,280,2CPR9L20,3971
87,Rixy,2018-03-28 17:44:48,176,-56,240,LGV2GR0P,4110
87,SCANDALOSA,2018-03-28 17:44:48,224,64,160,20UGP2P0Q,4015
87,Shiuvan,2018-03-28 17:44:48,188,108,80,22GQPCJJP,4606
87,Skoy,2018-03-28 17:44:48,388,82,320,8RLVV20PY,4112
87,Slang,2018-03-28 17:44:48,82,2,80,JGR8Q9U,3875
87,TheSonicSliver,2018-03-28 17:44:48,682,322,360,9LG8QV2G,4549
87,TopAngy,2018-03-28 17:44:48,239,-81,320,JCPYJLVG,3994
87,ValeBuongio,2018-03-28 17:44:48,74,-46,120,CVJVVRU2,3809
87,Xernakam,2018-03-28 17:44:48,314,-6,320,Y2UV98Y0,4348
87,antonio,2018-03-28 17:44:48,284,-36,320,URG2UJJ2,4084
87,cartero,2018-03-28 17:44:48,164,4,160,LQ2U2V2Y,4097
87,cippi03,2018-03-28 17:44:48,144,64,80,PGQVY99V,3843
87,ciupi,2018-03-28 17:44:48,91,-149,240,ULGLPPP9,3779
87,dani11cali,2018-03-28 17:44:48,180,-140,320,9JUUVUL2,4243
87,eiirp,2018-03-28 17:44:48,73,-127,200,GU8YYUPL,4293
87,hdd Crew,2018-03-28 17:44:48,220,-20,240,J892LVVU,3932
87,macomaco,2018-03-28 17:44:48,181,-19,200,UJP8LVUL,3986
87,maurito,2018-03-28 17:44:48,258,-62,320,2V98CPRV,4286
87,moonknight1402,2018-03-28 17:44:48,136,-24,160,LC2JPCQ,4015
87,ninonà,2018-03-28 17:44:48,330,130,200,LJ2P2UJQ,4387
87,peppebusa,2018-03-28 17:44:48,376,136,240,L0800PY9,4146
87,sally snow,2018-03-28 17:44:48,340,20,320,LR82Q9C9,4001
87,siraxl,2018-03-28 17:44:48,256,16,240,RR0RUV,3895
87,sydmirror,2018-03-28 17:44:48,162,-109,294,82UUP9QLR,4000
88,$imone04,2018-03-29 17:14:15,54,-306,360,PCGG9QLG,3786
88,.:*AduVaN4Ik*:.,2018-03-29 17:14:15,230,-50,280,2PYJLLCU,4207
88,Adrypok,2018-03-29 17:14:15,647,247,400,20RVR029R,4415
88,AndiGarcia,2018-03-29 17:14:15,8,-72,80,PCLR990U,4005
88,AndreQuadros,2018-03-29 17:14:15,50,-110,160,2P92YJC,4141
88,Asgarabaddad,2018-03-29 17:14:15,456,56,400,PQ0LL9Y2,4437
88,Carlucciello,2018-03-29 17:14:15,80,-160,240,J0JV0C8,4387
88,Daddorix,2018-03-29 17:14:15,0,0,0,RRJPLUVU,3681
88,Eisenheim,2018-03-29 17:14:15,566,166,400,80QQVCQ8G,4217
88,El Mariachi,2018-03-29 17:14:15,305,-55,360,RUJL8R9Y,4302
88,Ivan,2018-03-29 17:14:15,109,-171,280,CGP89PV0,4190
88,JoWood,2018-03-29 17:14:15,289,-11,300,2CGJVY0Q,3908
88,Karma,2018-03-29 17:14:15,751,311,440,2QJU2YY92,4035
88,Massi,2018-03-29 17:14:15,134,-66,200,2Q90G92R,4054
88,Nakakata,2018-03-29 17:14:15,739,299,440,8G2JCQ0Q2,4558
88,Oliver,2018-03-29 17:14:15,110,-210,320,99888JG,4425
88,PEKKATORE,2018-03-29 17:14:15,34,-256,290,89YRQ9R0P,4244
88,Porkys,2018-03-29 17:14:15,635,278,357,LVGP9Q9G,3949
88,Red,2018-03-29 17:14:15,467,107,360,2CPR9L20,4010
88,Rixy,2018-03-29 17:14:15,277,-43,320,LGV2GR0P,4225
88,SCANDALOSA,2018-03-29 17:14:15,244,44,200,20UGP2P0Q,4015
88,Shiuvan,2018-03-29 17:14:15,314,154,160,22GQPCJJP,4606
88,Skoy,2018-03-29 17:14:15,613,173,440,8RLVV20PY,4163
88,Slang,2018-03-29 17:14:15,82,-38,120,JGR8Q9U,3875
88,TheSonicSliver,2018-03-29 17:14:15,838,358,480,9LG8QV2G,4549
88,TopAngy,2018-03-29 17:14:15,382,-18,400,JCPYJLVG,4024
88,ValeBuongio,2018-03-29 17:14:15,122,-78,200,CVJVVRU2,3781
88,Xernakam,2018-03-29 17:14:15,436,-4,440,Y2UV98Y0,4349
88,antonio,2018-03-29 17:14:15,322,-78,400,URG2UJJ2,4084
88,cartero,2018-03-29 17:14:15,193,-47,240,LQ2U2V2Y,4097
88,cippi03,2018-03-29 17:14:15,172,52,120,PGQVY99V,3845
88,ciupi,2018-03-29 17:14:15,127,-193,320,ULGLPPP9,3814
88,dani11cali,2018-03-29 17:14:15,238,-202,440,9JUUVUL2,4334
88,eiirp,2018-03-29 17:14:15,73,-167,240,GU8YYUPL,4293
88,hdd Crew,2018-03-29 17:14:15,282,-38,320,J892LVVU,3855
88,macomaco,2018-03-29 17:14:15,266,-14,280,UJP8LVUL,3979
88,maurito,2018-03-29 17:14:15,384,-56,440,2V98CPRV,4221
88,moonknight1402,2018-03-29 17:14:15,146,-94,240,LC2JPCQ,4015
88,ninonà,2018-03-29 17:14:15,456,176,280,LJ2P2UJQ,4359
88,peppebusa,2018-03-29 17:14:15,454,174,280,L0800PY9,4145
88,sally snow,2018-03-29 17:14:15,449,9,440,LR82Q9C9,4001
88,siraxl,2018-03-29 17:14:15,354,2,352,RR0RUV,3895
88,sydmirror,2018-03-29 17:14:15,224,-159,383,82UUP9QLR,4092
89,$imone04,2018-03-30 15:39:19,126,-322,480,PCGG9QLG,3817
89,.:*AduVaN4Ik*:.,2018-03-30 15:39:19,334,-66,400,2PYJLLCU,4141
89,Adrypok,2018-03-30 15:39:19,866,346,520,20RVR029R,4625
89,AndiGarcia,2018-03-30 15:39:19,78,-42,120,PCLR990U,4005
89,AndreQuadros,2018-03-30 15:39:19,66,-214,280,2P92YJC,4116
89,Asgarabaddad,2018-03-30 15:39:19,534,54,480,PQ0LL9Y2,4437
89,Carlucciello,2018-03-30 15:39:19,128,-192,320,J0JV0C8,4383
89,Daddorix,2018-03-30 15:39:19,0,0,0,RRJPLUVU,3681
89,Eisenheim,2018-03-30 15:39:19,770,250,520,80QQVCQ8G,4333
89,El Mariachi,2018-03-30 15:39:19,393,-87,480,RUJL8R9Y,4273
89,Ivan,2018-03-30 15:39:19,171,-189,360,CGP89PV0,4099
89,JoWood,2018-03-30 15:39:19,361,-19,380,2CGJVY0Q,3768
89,Karma,2018-03-30 15:39:19,893,353,560,2QJU2YY92,4013
89,Massi,2018-03-30 15:39:19,232,-88,320,2Q90G92R,4022
89,Nakakata,2018-03-30 15:39:19,883,323,560,8G2JCQ0Q2,4536
89,Oliver,2018-03-30 15:39:19,194,-206,400,99888JG,4452
89,PEKKATORE,2018-03-30 15:39:19,42,-328,370,89YRQ9R0P,4235
89,Porkys,2018-03-30 15:39:19,895,418,477,LVGP9Q9G,3948
89,Red,2018-03-30 15:39:19,477,77,400,2CPR9L20,4008
89,Rixy,2018-03-30 15:39:19,403,3,400,LGV2GR0P,4315
89,SCANDALOSA,2018-03-30 15:39:19,300,20,280,20UGP2P0Q,4014
89,Shiuvan,2018-03-30 15:39:19,512,232,280,22GQPCJJP,4791
89,Skoy,2018-03-30 15:39:19,781,221,560,8RLVV20PY,4130
89,Slang,2018-03-30 15:39:19,176,-24,200,JGR8Q9U,3877
89,TheSonicSliver,2018-03-30 15:39:19,962,402,560,9LG8QV2G,4579
89,TopAngy,2018-03-30 15:39:19,541,101,440,JCPYJLVG,4023
89,ValeBuongio,2018-03-30 15:39:19,152,-88,240,CVJVVRU2,3812
89,Xernakam,2018-03-30 15:39:19,518,-10,560,Y2UV98Y0,4410
89,antonio,2018-03-30 15:39:19,360,-120,480,URG2UJJ2,4084
89,cartero,2018-03-30 15:39:19,193,-87,280,LQ2U2V2Y,4097
89,cippi03,2018-03-30 15:39:19,192,32,160,PGQVY99V,3845
89,ciupi,2018-03-30 15:39:19,160,-240,440,ULGLPPP9,3821
89,dani11cali,2018-03-30 15:39:19,314,-206,520,9JUUVUL2,4334
89,eiirp,2018-03-30 15:39:19,113,-167,280,GU8YYUPL,4293
89,hdd Crew,2018-03-30 15:39:19,424,24,440,J892LVVU,3836
89,macomaco,2018-03-30 15:39:19,308,-12,320,UJP8LVUL,3988
89,maurito,2018-03-30 15:39:19,526,6,520,2V98CPRV,4219
89,moonknight1402,2018-03-30 15:39:19,210,-110,360,LC2JPCQ,4104
89,ninonà,2018-03-30 15:39:19,540,180,360,LJ2P2UJQ,4208
89,peppebusa,2018-03-30 15:39:19,550,190,380,L0800PY9,4085
89,sally snow,2018-03-30 15:39:19,508,-12,520,LR82Q9C9,4001
89,siraxl,2018-03-30 15:39:19,354,-46,400,RR0RUV,3895
89,sydmirror,2018-03-30 15:39:19,280,-223,503,82UUP9QLR,4173
90,$imone04,2018-03-31 15:36:04,190,-370,560,PCGG9QLG,3824
90,.:*AduVaN4Ik*:.,2018-03-31 15:36:04,415,-65,480,2PYJLLCU,4171
90,Adrypok,2018-03-31 15:36:04,1126,486,640,20RVR029R,4625
90,AndiGarcia,2018-03-31 15:36:04,213,53,160,PCLR990U,4005
90,AndreQuadros,2018-03-31 15:36:04,92,-268,360,2P92YJC,4116
90,Asgarabaddad,2018-03-31 15:36:04,648,48,600,PQ0LL9Y2,4437
90,Carlucciello,2018-03-31 15:36:04,128,-272,400,J0JV0C8,4383
90,Daddorix,2018-03-31 15:36:04,0,0,0,RRJPLUVU,3681
90,Eisenheim,2018-03-31 15:36:04,968,368,600,80QQVCQ8G,4263
90,El Mariachi,2018-03-31 15:36:04,419,-181,600,RUJL8R9Y,4241
90,Ivan,2018-03-31 15:36:04,203,-237,440,CGP89PV0,4099
90,JoWood,2018-03-31 15:36:04,379,-41,420,2CGJVY0Q,3798
90,Karma,2018-03-31 15:36:04,1081,441,640,2QJU2YY92,4013
90,Massi,2018-03-31 15:36:04,250,-110,360,2Q90G92R,4019
90,Nakakata,2018-03-31 15:36:04,953,273,680,8G2JCQ0Q2,4546
90,Oliver,2018-03-31 15:36:04,222,-218,440,99888JG,4482
90,PEKKATORE,2018-03-31 15:36:04,50,-400,450,89YRQ9R0P,4115
90,Porkys,2018-03-31 15:36:04,1011,414,597,LVGP9Q9G,3948
90,Red,2018-03-31 15:36:04,551,31,520,2CPR9L20,4077
90,Rixy,2018-03-31 15:36:04,503,14,489,LGV2GR0P,4315
90,SCANDALOSA,2018-03-31 15:36:04,366,46,320,20UGP2P0Q,3960
90,Shiuvan,2018-03-31 15:36:04,582,222,360,22GQPCJJP,4668
90,Skoy,2018-03-31 15:36:04,1041,361,680,8RLVV20PY,4160
90,Slang,2018-03-31 15:36:04,258,-22,280,JGR8Q9U,3852
90,TheSonicSliver,2018-03-31 15:36:04,1186,506,680,9LG8QV2G,4601
90,TopAngy,2018-03-31 15:36:04,706,146,560,JCPYJLVG,4022
90,ValeBuongio,2018-03-31 15:36:04,178,-102,280,CVJVVRU2,3842
90,Xernakam,2018-03-31 15:36:04,622,-58,680,Y2UV98Y0,4470
90,antonio,2018-03-31 15:36:04,420,-180,600,URG2UJJ2,4084
90,cartero,2018-03-31 15:36:04,193,-87,280,LQ2U2V2Y,4097
90,cippi03,2018-03-31 15:36:04,192,32,160,PGQVY99V,3845
90,ciupi,2018-03-31 15:36:04,188,-312,500,ULGLPPP9,3940
90,dani11cali,2018-03-31 15:36:04,386,-214,600,9JUUVUL2,4334
90,eiirp,2018-03-31 15:36:04,121,-239,360,GU8YYUPL,4234
90,hdd Crew,2018-03-31 15:36:04,460,-50,510,J892LVVU,3867
90,macomaco,2018-03-31 15:36:04,357,-83,440,UJP8LVUL,3964
90,maurito,2018-03-31 15:36:04,630,-10,640,2V98CPRV,4248
90,moonknight1402,2018-03-31 15:36:04,284,-156,440,LC2JPCQ,4046
90,ninonà,2018-03-31 15:36:04,740,300,440,LJ2P2UJQ,4232
90,peppebusa,2018-03-31 15:36:04,678,198,480,L0800PY9,4123
90,sally snow,2018-03-31 15:36:04,567,-33,600,LR82Q9C9,4001
90,siraxl,2018-03-31 15:36:04,364,-76,440,RR0RUV,3895
90,sydmirror,2018-03-31 15:36:04,338,-245,583,82UUP9QLR,4085
91,$imone04,2018-04-01 15:11:11,238,-442,680,PCGG9QLG,3824
91,.:*AduVaN4Ik*:.,2018-04-01 15:11:11,465,-55,520,2PYJLLCU,4171
91,Adrypok,2018-04-01 15:11:11,1360,600,760,20RVR029R,4625
91,AndiGarcia,2018-04-01 15:11:11,398,158,240,PCLR990U,4005
91,AndreQuadros,2018-04-01 15:11:11,150,-290,440,2P92YJC,4148
91,Asgarabaddad,2018-04-01 15:11:11,766,46,720,PQ0LL9Y2,4437
91,Carlucciello,2018-04-01 15:11:11,148,-372,520,J0JV0C8,4383
91,Daddorix,2018-04-01 15:11:11,0,0,0,RRJPLUVU,3681
91,Eisenheim,2018-04-01 15:11:11,1074,394,680,80QQVCQ8G,4231
91,El Mariachi,2018-04-01 15:11:11,551,-169,720,RUJL8R9Y,4299
91,Ivan,2018-04-01 15:11:11,203,-277,480,CGP89PV0,4067
91,JoWood,2018-04-01 15:11:11,379,-81,460,2CGJVY0Q,3798
91,Karma,2018-04-01 15:11:11,1214,454,760,2QJU2YY92,4013
91,Massi,2018-04-01 15:11:11,258,-142,400,2Q90G92R,4019
91,Nakakata,2018-04-01 15:11:11,1092,292,800,8G2JCQ0Q2,4482
91,Oliver,2018-04-01 15:11:11,261,-291,552,99888JG,4539
91,PEKKATORE,2018-04-01 15:11:11,98,-472,570,89YRQ9R0P,4089
91,Porkys,2018-04-01 15:11:11,1125,448,677,LVGP9Q9G,3948
91,Red,2018-04-01 15:11:11,765,125,640,2CPR9L20,4164
91,Rixy,2018-04-01 15:11:11,557,-78,635,LGV2GR0P,4315
91,SCANDALOSA,2018-04-01 15:11:11,466,106,360,20UGP2P0Q,3960
91,Shiuvan,2018-04-01 15:11:11,690,250,440,22GQPCJJP,4637
91,Skoy,2018-04-01 15:11:11,1187,427,760,8RLVV20PY,4310
91,Slang,2018-04-01 15:11:11,340,-20,360,JGR8Q9U,3827
91,TheSonicSliver,2018-04-01 15:11:11,1433,673,760,9LG8QV2G,4601
91,TopAngy,2018-04-01 15:11:11,784,184,600,JCPYJLVG,3992
91,ValeBuongio,2018-04-01 15:11:11,178,-102,280,CVJVVRU2,3842
91,Xernakam,2018-04-01 15:11:11,734,-66,800,Y2UV98Y0,4440
91,antonio,2018-04-01 15:11:11,476,-204,680,URG2UJJ2,4084
91,cartero,2018-04-01 15:11:11,203,-117,320,LQ2U2V2Y,4097
91,cippi03,2018-04-01 15:11:11,222,22,200,PGQVY99V,3845
91,ciupi,2018-04-01 15:11:11,219,-341,560,ULGLPPP9,3945
91,dani11cali,2018-04-01 15:11:11,412,-268,680,9JUUVUL2,4334
91,eiirp,2018-04-01 15:11:11,197,-243,440,GU8YYUPL,4202
91,hdd Crew,2018-04-01 15:11:11,558,-42,600,J892LVVU,3946
91,macomaco,2018-04-01 15:11:11,467,-13,480,UJP8LVUL,3916
91,maurito,2018-04-01 15:11:11,718,-42,760,2V98CPRV,4185
91,moonknight1402,2018-04-01 15:11:11,304,-216,520,LC2JPCQ,4107
91,ninonà,2018-04-01 15:11:11,859,299,560,LJ2P2UJQ,4327
91,peppebusa,2018-04-01 15:11:11,758,198,560,L0800PY9,4116
91,sally snow,2018-04-01 15:11:11,648,-32,680,LR82Q9C9,4001
91,siraxl,2018-04-01 15:11:11,434,-46,480,RR0RUV,3896
91,sydmirror,2018-04-01 15:11:11,358,-345,703,82UUP9QLR,4055
92,$imone04,2018-04-02 15:37:02,30,-90,120,PCGG9QLG,3824
92,.:*AduVaN4Ik*:.,2018-04-02 15:37:02,42,-38,80,2PYJLLCU,3941
92,Adrypok,2018-04-02 15:37:02,94,38,56,20RVR029R,4000
92,AndiGarcia,2018-04-02 15:37:02,0,0,0,PCLR990U,4000
92,AndreQuadros,2018-04-02 15:37:02,44,-36,80,2P92YJC,4029
92,Arangathan,2018-04-02 15:37:02,8,8,0,2UG0Y2YLL,3576
92,Asgarabaddad,2018-04-02 15:37:02,84,4,80,PQ0LL9Y2,4000
92,Carlucciello,2018-04-02 15:37:02,0,-40,40,J0JV0C8,4000
92,Daddorix,2018-04-02 15:37:02,0,0,0,RRJPLUVU,3681
92,Eisenheim,2018-04-02 15:37:02,100,20,80,80QQVCQ8G,4000
92,El Mariachi,2018-04-02 15:37:02,132,52,80,RUJL8R9Y,3972
92,Ivan,2018-04-02 15:37:02,8,-32,40,CGP89PV0,4000
92,JoWood,2018-04-02 15:37:02,0,-20,20,2CGJVY0Q,3857
92,Karma,2018-04-02 15:37:02,76,36,40,2QJU2YY92,3942
92,Massi,2018-04-02 15:37:02,44,4,40,2Q90G92R,4000
92,Nakakata,2018-04-02 15:37:02,36,-4,40,8G2JCQ0Q2,4000
92,Oliver,2018-04-02 15:37:02,33,-7,40,99888JG,4000
92,PEKKATORE,2018-04-02 15:37:02,8,-32,40,89YRQ9R0P,4000
92,Porkys,2018-04-02 15:37:02,64,0,64,LVGP9Q9G,3831
92,Red,2018-04-02 15:37:02,36,-24,60,2CPR9L20,4000
92,Rixy,2018-04-02 15:37:02,122,46,76,LGV2GR0P,4000
92,SCANDALOSA,2018-04-02 15:37:02,20,-20,40,20UGP2P0Q,3912
92,Shiuvan,2018-04-02 15:37:02,66,26,40,22GQPCJJP,4081
92,Skoy,2018-04-02 15:37:02,162,82,80,8RLVV20PY,3968
92,Slang,2018-04-02 15:37:02,52,12,40,JGR8Q9U,3827
92,TheSonicSliver,2018-04-02 15:37:02,172,92,80,9LG8QV2G,4000
92,TopAngy,2018-04-02 15:37:02,59,19,40,JCPYJLVG,3992
92,ValeBuongio,2018-04-02 15:37:02,0,0,0,CVJVVRU2,3842
92,Xernakam,2018-04-02 15:37:02,115,35,80,Y2UV98Y0,4030
92,antonio,2018-04-02 15:37:02,42,-38,80,URG2UJJ2,4030
92,cartero,2018-04-02 15:37:02,10,-30,40,LQ2U2V2Y,4000
92,cippi03,2018-04-02 15:37:02,80,40,40,PGQVY99V,3877
92,ciupi,2018-04-02 15:37:02,34,-46,80,ULGLPPP9,3888
92,dani11cali,2018-04-02 15:37:02,74,-6,80,9JUUVUL2,4000
92,eiirp,2018-04-02 15:37:02,38,-2,40,GU8YYUPL,4000
92,hdd Crew,2018-04-02 15:37:02,7,-73,80,J892LVVU,3980
92,macomaco,2018-04-02 15:37:02,66,26,40,UJP8LVUL,4003
92,maurito,2018-04-02 15:37:02,100,60,40,2V98CPRV,4000
92,moonknight1402,2018-04-02 15:37:02,40,0,40,LC2JPCQ,4000
92,ninonà,2018-04-02 15:37:02,8,-32,40,LJ2P2UJQ,4030
92,peppebusa,2018-04-02 15:37:02,46,6,40,L0800PY9,3941
92,sally snow,2018-04-02 15:37:02,88,28,60,LR82Q9C9,4000
92,siraxl,2018-04-02 15:37:02,10,-30,40,RR0RUV,3896
92,sydmirror,2018-04-02 15:37:02,46,-34,80,82UUP9QLR,4000
96,$imone04,2018-04-06 18:11:22,126,-354,480,PCGG9QLG,3823
96,.:*AduVaN4Ik*:.,2018-04-06 18:11:22,172,-268,440,2PYJLLCU,4086
96,Adrypok,2018-04-06 18:11:22,834,314,520,20RVR029R,4195
96,AndiGarcia,2018-04-06 18:11:22,8,-32,40,PCLR990U,4000
96,AndreQuadros,2018-04-06 18:11:22,182,-178,360,2P92YJC,4089
96,Antonio,2018-04-06 18:11:22,92,-148,240,2YVJLLR2V,3826
96,Arangathan,2018-04-06 18:11:22,162,-228,390,2UG0Y2YLL,3782
96,Asgarabaddad,2018-04-06 18:11:22,432,32,400,PQ0LL9Y2,4089
96,Carlucciello,2018-04-06 18:11:22,108,-292,400,J0JV0C8,4058
96,Eisenheim,2018-04-06 18:11:22,688,128,560,80QQVCQ8G,4148
96,El Mariachi,2018-04-06 18:11:22,595,35,560,RUJL8R9Y,4146
96,I PONZO,2018-04-06 18:11:22,132,-28,160,PJU2PLJP,3781
96,Ivan,2018-04-06 18:11:22,132,-268,400,CGP89PV0,4029
96,JoWood,2018-04-06 18:11:22,336,-44,380,2CGJVY0Q,3925
96,Karma,2018-04-06 18:11:22,933,493,440,2QJU2YY92,3974
96,Massi,2018-04-06 18:11:22,196,-44,240,2Q90G92R,4030
96,N1K0L4,2018-04-06 18:11:22,0,0,0,8UGP0J2J,3813
96,Nakakata,2018-04-06 18:11:22,804,284,520,8G2JCQ0Q2,4304
96,PEKKATORE,2018-04-06 18:11:22,170,-280,450,89YRQ9R0P,4030
96,Porkys,2018-04-06 18:11:22,573,93,480,LVGP9Q9G,3830
96,Red,2018-04-06 18:11:22,387,-113,500,2CPR9L20,3972
96,Rixy,2018-04-06 18:11:22,831,383,448,LGV2GR0P,4118
96,SCANDALOSA,2018-04-06 18:11:22,182,-98,280,20UGP2P0Q,3915
96,SIR,2018-04-06 18:11:22,224,184,40,8Y0RCU88,3780
96,Shiuvan,2018-04-06 18:11:22,542,182,360,22GQPCJJP,4344
96,Skoy,2018-04-06 18:11:22,624,104,520,8RLVV20PY,4003
96,Slang,2018-04-06 18:11:22,458,58,400,JGR8Q9U,3830
96,TheSonicSliver,2018-04-06 18:11:22,1004,444,560,9LG8QV2G,4148
96,TopAngy,2018-04-06 18:11:22,245,125,120,JCPYJLVG,3902
96,ValeBuongio,2018-04-06 18:11:22,10,-30,40,CVJVVRU2,3842
96,Xernakam,2018-04-06 18:11:22,836,276,560,Y2UV98Y0,4145
96,antonio,2018-04-06 18:11:22,194,-46,240,URG2UJJ2,3917
96,cartero,2018-04-06 18:11:22,277,-123,400,LQ2U2V2Y,4030
96,cippi03,2018-04-06 18:11:22,234,-6,240,PGQVY99V,3792
96,dani11cali,2018-04-06 18:11:22,564,4,560,9JUUVUL2,4093
96,eiirp,2018-04-06 18:11:22,258,-102,360,GU8YYUPL,4143
96,fedep994,2018-04-06 18:11:22,67,-93,160,2PUL9Y2Q8,3478
96,hdd Crew,2018-04-06 18:11:22,205,-195,400,J892LVVU,3716
96,khyx,2018-04-06 18:11:22,269,29,240,2P2Y02L8V,3955
96,macomaco,2018-04-06 18:11:22,562,162,400,UJP8LVUL,4038
96,maurito,2018-04-06 18:11:22,394,-86,480,2V98CPRV,3936
96,moonknight1402,2018-04-06 18:11:22,262,-98,360,LC2JPCQ,3886
96,nellop91,2018-04-06 18:11:22,494,134,360,28V889QRJ,3911
96,ninonà,2018-04-06 18:11:22,481,121,360,LJ2P2UJQ,4111
96,peppebusa,2018-04-06 18:11:22,340,-20,360,L0800PY9,4005
96,sally snow,2018-04-06 18:11:22,529,89,440,LR82Q9C9,4004
96,silvioasr,2018-04-06 18:11:22,243,-77,320,29J80PVC8,4000
96,siraxl,2018-04-06 18:11:22,129,-151,280,RR0RUV,3868
96,sydmirror,2018-04-06 18:11:22,410,-110,520,82UUP9QLR,3968
96,toxico⚠,2018-04-06 18:11:22,10,-30,40,GV0GR0Y,4000
97,$imone04,2018-04-07 16:06:18,156,-404,560,PCGG9QLG,3823
97,.:*AduVaN4Ik*:.,2018-04-07 16:06:18,206,-274,480,2PYJLLCU,4145
97,Adrypok,2018-04-07 16:06:18,974,334,640,20RVR029R,4347
97,AndiGarcia,2018-04-07 16:06:18,166,46,120,PCLR990U,4000
97,AndreQuadros,2018-04-07 16:06:18,254,-186,440,2P92YJC,4146
97,Antonio,2018-04-07 16:06:18,164,-116,280,2YVJLLR2V,3826
97,Arangathan,2018-04-07 16:06:18,248,-222,470,2UG0Y2YLL,3752
97,Asgarabaddad,2018-04-07 16:06:18,514,34,480,PQ0LL9Y2,4089
97,Carlucciello,2018-04-07 16:06:18,118,-362,480,J0JV0C8,3999
97,Eisenheim,2018-04-07 16:06:18,774,134,640,80QQVCQ8G,4178
97,El Mariachi,2018-04-07 16:06:18,709,29,680,RUJL8R9Y,4230
97,I PONZO,2018-04-07 16:06:18,214,-26,240,PJU2PLJP,3811
97,Ivan,2018-04-07 16:06:18,200,-320,520,CGP89PV0,4066
97,JoWood,2018-04-07 16:06:18,364,-56,420,2CGJVY0Q,3868
97,Karma,2018-04-07 16:06:18,1106,546,560,2QJU2YY92,3949
97,Massi,2018-04-07 16:06:18,252,-28,280,2Q90G92R,4030
97,N1K0L4,2018-04-07 16:06:18,44,4,40,8UGP0J2J,3813
97,Nakakata,2018-04-07 16:06:18,1131,491,640,8G2JCQ0Q2,4304
97,PEKKATORE,2018-04-07 16:06:18,196,-364,560,89YRQ9R0P,4030
97,Porkys,2018-04-07 16:06:18,669,109,560,LVGP9Q9G,3953
97,Red,2018-04-07 16:06:18,397,-183,580,2CPR9L20,3972
97,Rixy,2018-04-07 16:06:18,949,381,568,LGV2GR0P,4150
97,SCANDALOSA,2018-04-07 16:06:18,192,-128,320,20UGP2P0Q,3915
97,SIR,2018-04-07 16:06:18,270,150,120,8Y0RCU88,3759
97,Shiuvan,2018-04-07 16:06:18,621,181,440,22GQPCJJP,4374
97,Skoy,2018-04-07 16:06:18,785,145,640,8RLVV20PY,4005
97,Slang,2018-04-07 16:06:18,543,103,440,JGR8Q9U,3830
97,TheSonicSliver,2018-04-07 16:06:18,1154,514,640,9LG8QV2G,4207
97,TopAngy,2018-04-07 16:06:18,245,125,120,JCPYJLVG,3902
97,ValeBuongio,2018-04-07 16:06:18,10,-30,40,CVJVVRU2,3842
97,Xernakam,2018-04-07 16:06:18,952,272,680,Y2UV98Y0,4203
97,antonio,2018-04-07 16:06:18,194,-46,240,URG2UJJ2,3917
97,cartero,2018-04-07 16:06:18,355,-85,440,LQ2U2V2Y,4030
97,cippi03,2018-04-07 16:06:18,258,-22,280,PGQVY99V,3792
97,dani11cali,2018-04-07 16:06:18,633,-27,660,9JUUVUL2,4064
97,eiirp,2018-04-07 16:06:18,288,-152,440,GU8YYUPL,4176
97,fedep994,2018-04-07 16:06:18,109,-91,200,2PUL9Y2Q8,3478
97,hdd Crew,2018-04-07 16:06:18,251,-269,520,J892LVVU,3776
97,khyx,2018-04-07 16:06:18,284,4,280,2P2Y02L8V,3955
97,macomaco,2018-04-07 16:06:18,642,202,440,UJP8LVUL,4013
97,maurito,2018-04-07 16:06:18,478,-82,560,2V98CPRV,4023
97,moonknight1402,2018-04-07 16:06:18,332,-108,440,LC2JPCQ,3922
97,nellop91,2018-04-07 16:06:18,514,74,440,28V889QRJ,3973
97,ninonà,2018-04-07 16:06:18,525,85,440,LJ2P2UJQ,4113
97,peppebusa,2018-04-07 16:06:18,360,-40,400,L0800PY9,4005
97,sally snow,2018-04-07 16:06:18,615,75,540,LR82Q9C9,4004
97,silvioasr,2018-04-07 16:06:18,339,-21,360,29J80PVC8,4000
97,siraxl,2018-04-07 16:06:18,129,-151,280,RR0RUV,3868
97,sydmirror,2018-04-07 16:06:18,456,-144,600,82UUP9QLR,3997
97,toxico⚠,2018-04-07 16:06:18,111,31,80,GV0GR0Y,4028
98,$imone04,2018-04-08 23:43:12,212,-436,680,PCGG9QLG,3823
98,.:*AduVaN4Ik*:.,2018-04-08 23:43:12,216,-344,600,2PYJLLCU,4147
98,Adrypok,2018-04-08 23:43:12,1132,384,760,20RVR029R,4323
98,AndiGarcia,2018-04-08 23:43:12,224,24,200,PCLR990U,4000
98,AndreQuadros,2018-04-08 23:43:12,350,-238,600,2P92YJC,4089
98,Antonio,2018-04-08 23:43:12,232,-128,400,2YVJLLR2V,3826
98,Arangathan,2018-04-08 23:43:12,469,-161,630,2UG0Y2YLL,3752
98,Asgarabaddad,2018-04-08 23:43:12,640,42,600,PQ0LL9Y2,4175
98,Carlucciello,2018-04-08 23:43:12,174,-354,560,J0JV0C8,3999
98,Eisenheim,2018-04-08 23:43:12,1032,272,760,80QQVCQ8G,4240
98,El Mariachi,2018-04-08 23:43:12,827,47,800,RUJL8R9Y,4108
98,I PONZO,2018-04-08 23:43:12,294,-26,320,PJU2PLJP,3811
98,Ivan,2018-04-08 23:43:12,312,-304,640,CGP89PV0,3998
98,JoWood,2018-04-08 23:43:12,400,-110,540,2CGJVY0Q,3875
98,Karma,2018-04-08 23:43:12,1291,611,720,2QJU2YY92,3948
98,Massi,2018-04-08 23:43:12,252,-68,320,2Q90G92R,4030
98,N1K0L4,2018-04-08 23:43:12,69,-11,80,8UGP0J2J,3900
98,Nakakata,2018-04-08 23:43:12,1402,612,800,8G2JCQ0Q2,4448
98,PEKKATORE,2018-04-08 23:43:12,234,-364,620,89YRQ9R0P,4148
98,Porkys,2018-04-08 23:43:12,755,75,720,LVGP9Q9G,4012
98,Red,2018-04-08 23:43:12,528,-162,690,2CPR9L20,3923
98,Rixy,2018-04-08 23:43:12,1103,415,688,LGV2GR0P,4036
98,SCANDALOSA,2018-04-08 23:43:12,252,-108,360,20UGP2P0Q,3887
98,SIR,2018-04-08 23:43:12,392,174,240,8Y0RCU88,3734
98,Shiuvan,2018-04-08 23:43:12,798,250,560,22GQPCJJP,4493
98,Skoy,2018-04-08 23:43:12,958,198,800,8RLVV20PY,4065
98,Slang,2018-04-08 23:43:12,661,101,560,JGR8Q9U,3917
98,TheSonicSliver,2018-04-08 23:43:12,1473,645,840,9LG8QV2G,4207
98,TopAngy,2018-04-08 23:43:12,245,125,120,JCPYJLVG,3902
98,ValeBuongio,2018-04-08 23:43:12,10,-30,40,CVJVVRU2,3842
98,Xernakam,2018-04-08 23:43:12,1169,409,760,Y2UV98Y0,4199
98,antonio,2018-04-08 23:43:12,194,-46,240,URG2UJJ2,3917
98,cartero,2018-04-08 23:43:12,473,-55,560,LQ2U2V2Y,4030
98,cippi03,2018-04-08 23:43:12,324,-64,400,PGQVY99V,3792
98,dani11cali,2018-04-08 23:43:12,875,75,800,9JUUVUL2,4124
98,eiirp,2018-04-08 23:43:12,412,-144,560,GU8YYUPL,4176
98,fedep994,2018-04-08 23:43:12,157,-123,320,2PUL9Y2Q8,3478
98,hdd Crew,2018-04-08 23:43:12,269,-291,560,J892LVVU,3752
98,khyx,2018-04-08 23:43:12,394,18,398,2P2Y02L8V,3952
98,macomaco,2018-04-08 23:43:12,690,210,480,UJP8LVUL,3980
98,maurito,2018-04-08 23:43:12,576,-128,720,2V98CPRV,4112
98,moonknight1402,2018-04-08 23:43:12,380,-150,560,LC2JPCQ,3922
98,nellop91,2018-04-08 23:43:12,630,120,520,28V889QRJ,4117
98,ninonà,2018-04-08 23:43:12,553,85,480,LJ2P2UJQ,4113
98,peppebusa,2018-04-08 23:43:12,410,-30,440,L0800PY9,3975
98,sally snow,2018-04-08 23:43:12,855,165,720,LR82Q9C9,4004
98,silvioasr,2018-04-08 23:43:12,449,-11,480,29J80PVC8,4000
98,siraxl,2018-04-08 23:43:12,168,-203,400,RR0RUV,3868
98,sydmirror,2018-04-08 23:43:12,532,-186,720,82UUP9QLR,3966
98,toxico⚠,2018-04-08 23:43:12,131,51,80,GV0GR0Y,4028
99,$imone04,2018-04-09 21:43:15,36,0,80,PCGG9QLG,3851
99,.:*AduVaN4Ik*:.,2018-04-09 21:43:15,66,0,80,2PYJLLCU,4147
99,Adrypok,2018-04-09 21:43:15,120,2,120,20RVR029R,4317
99,AndiGarcia,2018-04-09 21:43:15,0,0,0,PCLR990U,4000
99,AndreQuadros,2018-04-09 21:43:15,48,0,80,2P92YJC,4090
99,Antonio,2018-04-09 21:43:15,50,24,80,2YVJLLR2V,3826
99,Arangathan,2018-04-09 21:43:15,102,26,80,2UG0Y2YLL,3752
99,Asgarabaddad,2018-04-09 21:43:15,101,6,113,PQ0LL9Y2,4232
99,Carlucciello,2018-04-09 21:43:15,0,0,40,J0JV0C8,3970
99,Eisenheim,2018-04-09 21:43:15,211,99,112,80QQVCQ8G,4270
99,El Mariachi,2018-04-09 21:43:15,108,24,120,RUJL8R9Y,4174
99,I PONZO,2018-04-09 21:43:15,50,10,40,PJU2PLJP,3811
99,Ivan,2018-04-09 21:43:15,92,34,80,CGP89PV0,4206
99,JoWood,2018-04-09 21:43:15,18,0,40,2CGJVY0Q,3877
99,Karma,2018-04-09 21:43:15,68,0,120,2QJU2YY92,3978
99,Massi,2018-04-09 21:43:15,53,0,80,2Q90G92R,4030
99,N1K0L4,2018-04-09 21:43:15,8,0,40,8UGP0J2J,3905
99,Nakakata,2018-04-09 21:43:15,204,124,80,8G2JCQ0Q2,4475
99,PEKKATORE,2018-04-09 21:43:15,34,8,80,89YRQ9R0P,4208
99,Porkys,2018-04-09 21:43:15,0,0,40,LVGP9Q9G,4012
99,Red,2018-04-09 21:43:15,116,50,80,2CPR9L20,3923
99,Rixy,2018-04-09 21:43:15,137,17,120,LGV2GR0P,4124
99,SCANDALOSA,2018-04-09 21:43:15,38,0,40,20UGP2P0Q,3887
99,SIR,2018-04-09 21:43:15,94,8,120,8Y0RCU88,3826
99,Shiuvan,2018-04-09 21:43:15,124,44,80,22GQPCJJP,4430
99,Skoy,2018-04-09 21:43:15,127,50,120,8RLVV20PY,4126
99,Slang,2018-04-09 21:43:15,110,50,80,JGR8Q9U,3950
99,TheSonicSliver,2018-04-09 21:43:15,232,152,80,9LG8QV2G,4301
99,TopAngy,2018-04-09 21:43:15,0,0,0,JCPYJLVG,3902
99,ValeBuongio,2018-04-09 21:43:15,14,0,40,CVJVVRU2,3842
99,Xernakam,2018-04-09 21:43:15,252,146,120,Y2UV98Y0,4141
99,antonio,2018-04-09 21:43:15,0,0,0,URG2UJJ2,3917
99,cartero,2018-04-09 21:43:15,100,28,80,LQ2U2V2Y,4030
99,cippi03,2018-04-09 21:43:15,44,4,40,PGQVY99V,3792
99,dani11cali,2018-04-09 21:43:15,188,82,120,9JUUVUL2,4153
99,eiirp,2018-04-09 21:43:15,78,24,64,GU8YYUPL,4177
99,fedep994,2018-04-09 21:43:15,0,0,80,2PUL9Y2Q8,3478
99,hdd Crew,2018-04-09 21:43:15,0,0,0,J892LVVU,3752
99,khyx,2018-04-09 21:43:15,42,2,40,2P2Y02L8V,3952
99,macomaco,2018-04-09 21:43:15,16,0,40,UJP8LVUL,3980
99,maurito,2018-04-09 21:43:15,18,0,120,2V98CPRV,4082
99,moonknight1402,2018-04-09 21:43:15,46,6,70,LC2JPCQ,4017
99,nellop91,2018-04-09 21:43:15,48,8,40,28V889QRJ,4113
99,ninonà,2018-04-09 21:43:15,34,0,80,LJ2P2UJQ,4142
99,peppebusa,2018-04-09 21:43:15,47,0,80,L0800PY9,3975
99,sally snow,2018-04-09 21:43:15,36,0,80,LR82Q9C9,4004
99,silvioasr,2018-04-09 21:43:15,28,10,80,29J80PVC8,4000
99,siraxl,2018-04-09 21:43:15,134,46,120,RR0RUV,3905
99,sydmirror,2018-04-09 21:43:15,144,64,105,82UUP9QLR,3975
99,toxico⚠,2018-04-09 21:43:15,8,8,0,GV0GR0Y,4028
